ID,Age,Income (USD),Rent (USD),Groceries (USD),Eating Out (USD),Entertainment (USD),Subscription Services (USD),Education (USD),Online Shopping (USD),Savings (USD),Investments (USD),Travel (USD),Fitness (USD),Miscellaneous (USD),total_expense,savings_rate,expense_to_income_ratio,discretionary_vs_fixed_ratio,anomaly
2,21,5311,841,288,406,375,98,1660,262,145,2902,1032,237,296,5495,0.0273018263980418,1.0346450762568256,0.9702402294729293,-1
4,22,3882,421,254,298,38,88,1056,160,2157,4452,210,232,381,3138,0.5556414219474498,0.8083462132921174,0.8128249566724437,-1
5,24,2941,424,154,475,384,15,1536,476,763,3004,1328,186,151,5129,0.25943556613396807,1.7439646378782727,1.4262062440870389,-1
6,27,4479,1872,281,82,319,52,203,459,672,3914,1644,198,63,5173,0.15003348961821836,1.1549453002902434,1.1956706281833616,-1
7,20,3297,469,309,278,26,44,517,75,2129,2486,163,55,142,2078,0.6457385501971489,0.6302699423718532,0.6046332046332046,-1
9,25,5509,1358,570,167,136,71,1974,438,1721,3596,1745,75,386,6920,0.31239789435469234,1.2561263387184607,0.7734495130702204,-1
10,22,6350,1410,174,399,87,78,516,107,2796,1677,1004,270,392,4437,0.44031496062992126,0.6987401574803149,1.1128571428571428,-1
13,25,2769,500,232,442,344,17,1809,27,2763,4093,218,134,83,3806,0.9978331527627302,1.374503430841459,0.49783549783549785,-1
16,22,5214,376,158,381,61,95,832,571,2325,1361,291,90,70,2925,0.44591484464902187,0.5609896432681243,1.1412884333821376,-1
17,19,2029,358,444,296,316,40,338,516,968,4294,1448,255,156,4167,0.4770823065549532,2.0537210448496794,2.655263157894737,-1
18,25,5123,730,588,78,250,19,1461,522,1129,1787,188,224,177,4237,0.2203786843646301,0.8270544602771813,0.5246491543720763,-1
19,23,7664,937,281,210,397,65,1468,264,952,1073,146,244,75,4087,0.12421711899791232,0.5332724425887265,0.5215934475055846,-1
20,19,4458,1823,557,284,29,85,1159,497,406,1165,196,91,100,4821,0.09107222969941678,1.0814266487213997,0.36224922294433454,-1
21,22,4414,408,505,239,377,79,386,328,2695,3599,1255,85,251,3913,0.6105573176257363,0.8864975079293158,2.0123171670515783,-1
25,26,6073,1392,426,229,111,18,1718,194,2447,3055,1784,274,336,6482,0.40293100609254073,1.067347274822987,0.8331447963800905,-1
28,20,2439,604,242,487,97,89,689,330,429,2582,1075,209,376,4198,0.17589175891758918,1.7211972119721197,1.7348534201954398,-1
29,24,2025,973,203,323,104,63,884,319,2197,1129,1361,235,352,4817,1.0849382716049383,2.3787654320987652,1.3383495145631068,-1
31,26,1501,1120,505,184,232,31,1568,31,872,4466,1690,40,164,5565,0.580946035976016,3.707528314457029,0.7428750391481366,-1
32,20,1874,1702,313,220,68,73,622,423,1745,1468,1585,111,145,5262,0.9311632870864461,2.807897545357524,0.9954493742889647,-1
38,24,3025,1739,241,466,81,46,1871,560,1948,2566,453,295,353,6105,0.6439669421487604,2.018181818181818,0.5853025188262789,-1
40,21,5976,1886,503,492,315,43,1061,96,873,2900,1989,41,384,6810,0.1460843373493976,1.1395582329317269,0.9739130434782609,-1
42,19,1513,1820,211,427,190,42,1670,43,1903,3177,1338,72,129,5942,1.2577660277594185,3.9272967614011898,0.6055120237773575,-1
43,27,6099,640,516,60,82,40,1869,34,1198,4511,1785,288,71,5385,0.19642564354812264,0.88293162813576,0.7801652892561983,-1
45,27,7604,682,158,428,325,53,436,544,1698,3881,1088,133,120,3967,0.2233035244608101,0.5216991057338243,2.1089341692789967,-1
47,19,1629,1856,306,245,160,80,1391,191,1571,1544,1033,294,220,5776,0.9643953345610804,3.54573357888275,0.6256684491978609,-1
52,18,5428,1822,321,499,311,16,1935,397,2362,4514,368,23,65,5757,0.43515106853352986,1.060611643330877,0.41172143207454637,-1
54,19,1527,1927,230,432,127,70,540,183,428,910,1350,289,21,5169,0.28028814669286184,3.3850687622789786,0.9165739710789766,-1
56,21,2752,1960,283,475,114,47,587,592,1510,1566,1966,252,334,6610,0.5486918604651163,2.401889534883721,1.3356890459363957,-1
57,19,5856,782,189,74,281,93,656,443,225,2395,1414,202,96,4230,0.038422131147540985,0.7223360655737705,1.5998770743700061,-1
60,27,7043,1165,560,104,238,39,1882,174,1327,4248,993,241,116,5512,0.18841402811302002,0.78262104216953,0.5281397283060715,-1
61,21,6055,438,421,300,40,26,344,276,1295,91,897,268,124,3134,0.2138728323699422,0.517588769611891,1.6051537822111388,-1
63,19,5896,734,532,400,146,19,1863,87,316,330,1547,215,219,5762,0.05359565807327001,0.9772727272727273,0.8414829018855865,-1
65,19,7930,572,421,216,331,27,1796,296,1421,3780,933,89,21,4702,0.17919293820933166,0.592938209331652,0.6859089279311581,-1
67,21,4581,403,537,273,391,68,168,410,281,2977,1783,30,351,4414,0.06134031870770574,0.963545077493997,2.9837545126353793,-1
68,25,5278,1537,125,269,201,71,1794,468,433,4289,914,19,361,5759,0.08203865100416824,1.0911330049261083,0.6663773148148148,-1
69,24,2129,1987,174,228,44,68,1762,278,610,529,838,162,157,5698,0.28651949271958665,2.676373884452795,0.4524598521539638,-1
70,26,1769,1061,555,168,175,58,32,326,482,2892,1921,95,356,4747,0.2724703222159412,2.6834369700395704,1.8804611650485437,-1
73,19,7224,1298,398,491,296,41,1585,265,1288,4734,211,121,216,4922,0.17829457364341086,0.6813399778516057,0.500152392563243,-1
74,22,7397,819,249,478,37,19,1463,654,1365,1597,170,184,396,4469,0.18453427065026362,0.6041638502095444,0.7657052548399842,-1
76,27,6457,816,107,465,76,79,392,392,741,4793,448,231,284,3290,0.11475917608796654,0.5095245470032523,1.5019011406844107,-1
79,18,7776,463,573,91,372,43,945,427,2598,4635,1897,222,82,5115,0.3341049382716049,0.6577932098765432,1.5820292781423524,-1
80,26,7395,1982,513,102,212,26,1052,144,295,4425,610,262,327,5230,0.03989181879648411,0.7072346179851251,0.47448548068790525,-1
81,24,7302,363,308,492,256,63,38,356,1993,469,653,133,298,2960,0.2729389208436045,0.4053683922213092,3.1748942172073344,-1
83,25,2075,1440,439,300,246,94,1635,582,929,533,1906,222,190,7054,0.447710843373494,3.3995180722891565,1.0073989755264656,-1
84,18,7599,566,215,344,252,49,1196,197,2404,4562,589,121,40,3569,0.3163574154494012,0.46966706145545467,0.8052604957005564,-1
85,25,2807,1882,538,427,59,28,1040,670,2156,4055,405,94,318,5461,0.7680798004987531,1.9454934093338083,0.5783236994219653,-1
87,20,4678,545,529,462,172,91,225,58,1324,4087,481,74,154,2791,0.2830269345874305,0.5966224882428388,1.1485758275596614,-1
88,18,7552,1984,417,172,146,62,1581,88,986,761,1913,129,291,6783,0.1305614406779661,0.8981726694915254,0.7034153691612255,-1
89,25,4234,694,334,416,256,73,66,255,492,890,1138,252,42,3526,0.11620217288615967,0.8327822390174776,2.223034734917733,-1
92,18,3852,1840,144,315,128,15,834,76,2478,2971,1500,54,140,5046,0.6433021806853583,1.309968847352025,0.7906316536550745,-1
94,27,3155,1507,338,78,203,81,998,118,2281,2836,1994,185,153,5655,0.7229793977812995,1.7923930269413628,0.9890960253253606,-1
95,24,3079,1343,539,84,387,27,1629,546,1015,4927,1147,51,390,6143,0.3296524845729133,1.9951282884053263,0.7496439760751923,-1
96,27,7443,857,531,55,217,61,1777,344,1034,4939,1533,98,334,5807,0.13892247749563347,0.7801961574633884,0.8347551342812006,-1
100,25,3425,1852,187,126,220,58,1946,138,2772,3166,1262,260,312,6361,0.8093430656934306,1.8572262773722628,0.5962358845671267,-1
101,19,2119,1182,355,398,356,21,1589,488,2437,1319,61,50,105,4605,1.150070788107598,2.173194903256253,0.4731285988483685,-1
102,18,2774,446,172,196,341,19,1161,568,2972,183,288,108,35,3334,1.071377072819034,1.2018745493871665,0.8740865654862282,-1
103,24,2456,965,518,116,294,80,472,665,728,1283,1945,88,235,5378,0.2964169381107492,2.189739413680782,1.7508951406649615,-1
104,24,3439,1627,278,441,230,64,1868,474,2779,2846,1666,208,135,6991,0.8080837452747892,2.032858389066589,0.8529021998409754,-1
108,25,2816,881,564,224,61,30,694,535,2357,3140,1875,131,181,5176,0.8370028409090909,1.8380681818181819,1.4198223468910707,-1
112,20,7762,1425,412,94,36,34,597,44,1880,3336,1620,15,186,4463,0.24220561710899252,0.5749806750837413,0.833607230895645,-1
113,22,2558,1910,363,185,302,16,767,674,1631,782,1192,206,319,5934,0.6376075058639562,2.3197810789679436,0.9519736842105263,-1
115,18,4032,1539,194,65,82,80,1750,444,1332,4870,364,239,291,5048,0.33035714285714285,1.251984126984127,0.4493252942865346,-1
118,24,6780,1014,465,58,38,20,560,573,492,1830,1536,17,175,4456,0.07256637168141593,0.6572271386430678,1.1853849926434528,-1
119,24,2508,1003,375,365,36,82,1224,450,925,4090,1837,181,343,5896,0.36881977671451355,2.3508771929824563,1.2659492697924672,-1
120,26,2729,1060,479,383,344,21,1971,623,2012,4306,964,204,367,6416,0.7372663979479663,2.3510443385855626,0.8279202279202279,-1
121,27,2535,798,330,382,392,44,257,336,2495,1360,804,278,140,3761,0.9842209072978304,1.483629191321499,1.715523465703971,-1
122,27,6085,1788,408,376,265,72,1503,417,149,4585,603,28,159,5619,0.02448644207066557,0.92341824157765,0.519059205190592,-1
123,20,1775,1273,218,64,270,77,1911,343,1496,2686,1654,58,35,5903,0.8428169014084507,3.3256338028169012,0.7351557907113463,-1
126,21,2739,1071,372,275,55,32,122,565,1892,334,88,68,183,2831,0.6907630522088354,1.0335889010587807,0.8089456869009585,-1
127,21,6870,1202,163,474,216,92,341,95,2796,1110,630,168,81,3462,0.4069868995633188,0.5039301310043668,1.0293083235638922,-1
128,22,1625,664,397,327,177,48,1194,505,1463,578,229,280,359,4180,0.9003076923076923,2.5723076923076924,0.8536585365853658,-1
129,24,5565,462,449,457,223,97,1868,107,2448,61,61,130,173,4027,0.4398921832884097,0.7236298292902067,0.44908240374235336,-1
131,21,5368,810,502,477,235,21,1082,26,2313,1169,992,270,395,4810,0.43088673621460505,0.8960506706408345,1.009189640768588,-1
132,24,2708,1652,593,50,304,43,1728,569,2463,2200,1789,144,365,7237,0.9095273264401772,2.6724519940915803,0.8215454316637302,-1
133,20,6842,415,110,315,215,80,1488,71,100,4714,597,283,169,3743,0.014615609470914937,0.5470622624963462,0.8594138102334824,-1
135,19,2418,636,533,159,171,40,259,415,1384,486,112,105,92,2522,0.5723738626964433,1.043010752688172,0.7661064425770309,-1
137,26,5423,1036,463,489,344,22,1996,447,2630,540,1155,37,196,6185,0.4849714180342984,1.1405126313848424,0.7696709585121603,-1
138,22,7794,1139,157,418,165,40,94,162,1969,2060,1058,11,373,3617,0.25263022838080573,0.4640749294328971,1.602158273381295,-1
139,23,7257,446,389,355,76,11,1148,382,2369,4246,1892,221,21,4941,0.32644343392586467,0.6808598594460521,1.491679273827534,-1
140,21,5903,1898,350,61,230,24,40,401,251,1238,1372,77,328,4781,0.042520752159918684,0.8099271556835508,1.089597902097902,-1
142,24,3469,742,149,237,229,84,253,296,725,4467,801,33,26,2850,0.20899394638224272,0.8215624099164024,1.4912587412587412,-1
143,26,4293,1136,457,203,36,43,6,290,316,2299,1682,262,274,4389,0.07360819939436292,1.0223619846261356,1.7448405253283301,-1
146,18,3533,1817,515,474,222,38,1534,483,2794,1080,1710,230,214,7237,0.7908293235210869,2.048400792527597,0.871960682876358,-1
147,26,2864,586,151,469,118,75,1604,546,2855,197,750,45,206,4550,0.9968575418994413,1.5886871508379887,0.943613840239214,-1
148,26,1628,1019,370,426,298,25,68,253,1621,2194,1130,11,22,3622,0.9957002457002457,2.2248157248157248,1.485929993136582,-1
149,21,2514,1437,584,328,228,48,1104,594,1678,1598,1934,283,203,6743,0.6674622116149562,2.6821797931583133,1.15776,-1
150,26,3299,779,183,220,148,86,541,46,1180,1600,158,186,354,2701,0.3576841467111246,0.8187329493785995,0.7970725216234198,-1
153,23,3018,982,225,74,271,30,88,636,1707,683,73,24,71,2474,0.5656063618290258,0.8197481776010603,0.9104247104247104,-1
154,25,5681,1889,395,67,284,53,1938,328,1859,3083,270,288,282,5794,0.32723112128146453,1.0198908642844569,0.3723353860729512,-1
155,26,2698,1205,171,239,290,28,1231,71,1662,3989,364,203,387,4189,0.6160118606375092,1.5526315789473684,0.6068277713847334,-1
156,22,5373,619,395,190,207,80,212,338,739,332,343,207,152,2743,0.1375395495998511,0.5105155406662945,1.2373572593800979,-1
158,20,6738,576,155,383,302,86,265,588,264,4200,1750,299,329,4733,0.039180765805877114,0.7024339566636985,3.752008032128514,-1
160,25,7589,493,459,195,384,50,292,62,1194,806,1554,73,384,3946,0.15733298194755568,0.5199631044933456,2.172025723472669,-1
161,23,4985,1987,494,364,95,84,1230,666,189,1064,1800,260,35,7015,0.03791374122367101,1.407221664994985,0.8903260576663972,-1
162,25,7757,1870,209,493,167,97,332,279,1895,888,1067,26,248,4788,0.2442954750547892,0.6172489364445017,0.9858979676482788,-1
165,18,1802,356,192,141,128,35,1004,274,707,3957,1865,299,322,4616,0.39234184239733627,2.5615982241953383,1.9742268041237114,-1
166,18,5452,1626,449,228,148,80,46,355,448,2382,137,96,67,3232,0.08217168011738811,0.5928099779897286,0.5238095238095238,-1
167,27,6183,1486,155,105,29,92,621,572,345,3231,504,208,254,4026,0.05579815623483746,0.651140223192625,0.7798408488063661,-1
168,21,2486,318,159,204,66,79,1223,521,371,2311,1699,170,140,4579,0.14923572003218022,1.841914722445696,1.693529411764706,-1
170,19,5940,563,138,160,334,75,209,533,502,1500,1221,85,69,3387,0.08451178451178451,0.5702020202020202,2.721978021978022,-1
172,18,7583,412,148,281,122,77,1443,168,1295,3281,1851,59,41,4602,0.1707767374390083,0.60688381906897,1.2975536694957563,-1
173,22,4572,1811,519,269,399,67,153,318,1179,1519,1802,241,390,5969,0.2578740157480315,1.3055555555555556,1.4039468385018123,-1
174,18,6906,1650,224,117,361,79,1545,639,1714,1918,480,21,201,5317,0.24818997972777296,0.7699102229944975,0.5551330798479087,-1
175,25,7595,841,112,351,165,66,414,472,1226,4089,1825,24,24,4294,0.16142198815009876,0.5653719552337064,2.141185076810534,-1
176,18,7273,946,579,298,387,46,1376,412,383,1865,960,37,164,5205,0.052660525230303866,0.7156606627251478,0.7942088934850051,-1
177,18,4624,878,135,372,46,70,1180,231,616,1405,1817,259,376,5364,0.13321799307958476,1.1600346020761245,1.4459644322845417,-1
178,19,2827,1388,200,459,239,39,1284,687,2765,2723,1817,107,97,6317,0.9780686239830209,2.23452423063318,1.1995125348189415,-1
180,23,3908,324,185,55,186,82,768,613,711,1168,751,47,316,3327,0.18193449334698056,0.8513306038894575,1.6053249804228662,-1
183,18,5533,1210,437,143,329,15,1154,348,1956,347,115,291,182,4224,0.35351527200433763,0.7634194831013916,0.5080328454123527,-1
184,18,6605,1872,547,478,273,27,578,631,499,4220,1021,247,187,5861,0.07554882664647994,0.8873580620741862,0.9556222889556223,-1
187,22,7204,487,443,74,57,74,162,580,2233,2574,1864,266,195,4202,0.30996668517490283,0.5832870627429206,2.847985347985348,-1
189,23,6708,500,475,167,219,93,1255,330,1155,4593,258,267,368,3932,0.1721824686940966,0.5861657722122838,0.7632286995515695,-1
190,24,6283,1450,570,387,274,74,194,426,435,52,1488,258,29,5150,0.0692344421454719,0.819672131147541,1.3261065943992774,-1
192,24,5328,1999,229,387,54,76,541,636,273,502,1370,260,246,5798,0.051238738738738736,1.0882132132132132,1.0938967136150235,-1
193,25,4730,846,130,115,101,91,358,34,1741,869,1035,132,255,3097,0.3680761099365751,0.6547568710359408,1.3215892053973013,-1
195,23,2847,1002,110,419,177,40,1354,431,2223,4314,1842,184,324,5883,0.7808219178082192,2.066385669125395,1.3856447688564477,-1
196,25,5181,1427,575,224,23,26,426,278,2463,3871,416,278,90,3763,0.4753908511870295,0.7263076626133951,0.549835255354201,-1
202,18,5053,1583,585,488,169,95,1436,184,796,3853,1605,150,40,6335,0.15753018009103503,1.2537106669305362,0.7577691453940066,-1
204,23,2350,1681,523,196,298,11,1755,540,1194,4385,1109,227,268,6608,0.5080851063829788,2.811914893617021,0.6691083606971457,-1
205,20,2888,1398,227,84,323,95,888,420,2813,338,896,24,47,4402,0.9740304709141274,1.5242382271468145,0.751691205730203,-1
207,21,5212,1907,507,75,330,13,1170,84,1194,1693,1991,241,230,6548,0.22908672294704527,1.2563315425940138,0.8270089285714286,-1
208,20,2867,1209,454,287,87,45,258,406,145,986,1693,98,304,4841,0.05057551447506104,1.6885245901639345,1.5200416449765748,-1
209,27,2321,487,527,63,107,15,291,514,1170,3490,1262,86,39,3391,0.5040930633347694,1.4610081861266695,1.5984674329501916,-1
210,20,1954,1613,211,423,236,30,1834,434,1545,2733,1251,145,39,6216,0.7906857727737974,3.181166837256909,0.6992892290869327,-1
211,20,3124,344,415,94,20,86,142,49,2296,3767,657,119,349,2275,0.734955185659411,0.7282330345710627,1.5249722530521643,-1
212,21,4272,1896,545,477,154,98,1960,285,555,4076,1388,100,139,7042,0.12991573033707865,1.6484082397003745,0.6000908884344467,-1
216,18,6306,1851,346,100,125,93,89,339,968,3330,658,44,172,3817,0.1535045987947986,0.6052965429749445,0.6697287839020123,-1
220,25,4375,674,412,200,317,90,83,679,2391,4118,287,207,162,3111,0.5465142857142857,0.7110857142857143,1.6612489307100085,-1
221,18,7092,461,538,489,377,30,1100,636,2621,240,1204,41,301,5177,0.36957134799774394,0.7299774393683023,1.466412577417818,-1
222,26,2940,1703,205,324,399,55,672,66,2529,1896,1678,145,354,5601,0.860204081632653,1.9051020408163266,1.1709302325581394,-1
223,26,5900,1979,280,387,378,25,516,618,1226,3324,1676,257,365,6481,0.20779661016949152,1.0984745762711865,1.3354954954954954,-1
224,19,2235,1681,283,125,165,25,484,660,2636,813,1718,155,239,5535,1.1794183445190156,2.476510067114094,1.2610294117647058,-1
228,24,7745,1797,496,493,36,97,781,603,496,7,391,41,118,4853,0.06404131697869593,0.6265978050355068,0.5787247885491217,-1
229,27,7605,1336,188,236,215,12,103,505,2443,3773,1492,240,199,4526,0.32123602892833664,0.5951347797501644,1.7818070067609098,-1
230,26,4838,483,275,338,346,98,1475,671,206,4670,1703,37,146,5572,0.04257957833815626,1.1517155849524596,1.4952978056426331,-1
232,18,4389,807,470,77,316,75,338,46,2677,3789,1271,216,284,3900,0.6099339257233994,0.8885850991114149,1.414860681114551,-1
233,19,2461,1613,559,428,271,88,686,48,1948,4051,331,27,353,4404,0.7915481511580659,1.7895164567249087,0.5409377186843947,-1
237,24,7728,1538,205,226,64,31,1746,404,2143,4578,1848,148,358,6568,0.2773033126293996,0.849896480331263,0.882487818859272,-1
239,26,7971,931,562,459,198,22,222,126,314,578,1285,241,37,4083,0.03939279889599799,0.512231840421528,1.3807580174927114,-1
242,20,4001,1953,112,176,97,99,1100,677,2077,1865,911,44,377,5546,0.5191202199450138,1.3861534616345914,0.7522906793048973,-1
243,21,3447,1032,436,217,345,86,1741,583,1582,1376,1772,248,335,6795,0.45894981143022917,1.9712793733681462,1.1174820816453723,-1
246,25,1511,620,139,382,22,33,1837,115,293,964,144,26,119,3437,0.19391131700860356,2.274652547981469,0.32395993836671805,-1
248,25,5899,1556,317,392,361,72,1865,250,564,4759,1626,149,62,6650,0.09560942532632649,1.1273097135107646,0.7790262172284644,-1
251,25,4871,1080,181,65,86,87,164,130,2786,2447,1717,226,211,3947,0.5719564771094231,0.8103058920139602,1.7698245614035089,-1
254,25,1542,1376,300,493,195,53,1093,496,2838,3959,1196,183,195,5580,1.8404669260700388,3.6186770428015564,1.0151679306608885,-1
256,20,3890,1604,431,95,26,26,1985,697,2288,1083,743,162,177,5946,0.5881748071979435,1.52853470437018,0.4791044776119403,-1
257,26,6945,1025,527,377,288,49,1388,147,2621,434,1777,112,264,5954,0.3773938084953204,0.8573074154067675,1.025170068027211,-1
258,20,4045,330,137,285,395,58,1724,256,1154,20,1529,211,385,5310,0.2852904820766378,1.3127317676143386,1.4235508900045641,-1
260,19,6486,482,543,263,23,66,1970,147,162,1925,1792,74,365,5725,0.02497687326549491,0.8826703669441874,0.9115191986644408,-1
262,19,1520,843,348,331,250,93,1147,494,403,1099,1304,162,90,5062,0.26513157894736844,3.330263157894737,1.165098374679213,-1
263,23,1906,1769,326,281,107,73,18,674,1184,2637,583,165,346,4342,0.621196222455404,2.2780692549842603,1.0548982489351633,-1
264,20,2514,1397,147,134,36,84,1280,414,495,389,451,173,133,4249,0.19689737470167065,1.6901352426412093,0.5046033994334278,-1
266,21,3338,1807,499,114,153,83,1951,109,2933,2615,179,15,162,5072,0.8786698621929299,1.519472738166567,0.1914493774958891,-1
267,18,4688,1779,538,183,230,83,1045,299,510,1354,341,76,116,4690,0.10878839590443685,1.0004266211604096,0.3950029744199881,-1
270,22,2214,959,286,113,224,85,449,120,179,190,1908,104,231,4479,0.08084914182475159,2.0230352303523036,1.6440377804014168,-1
274,24,6384,711,587,456,23,67,694,460,832,3550,1651,181,383,5213,0.13032581453634084,0.8165726817042607,1.6169678714859437,-1
275,20,1640,1311,496,401,171,46,586,117,1917,4919,788,264,235,4415,1.1689024390243903,2.692073170731707,0.8449644797325533,-1
278,20,7421,1146,596,195,376,15,1458,20,2224,3833,814,201,312,5133,0.29969006872389164,0.6916857566365718,0.6040625,-1
279,23,6953,1345,328,392,187,59,106,591,2656,4933,1270,80,27,4385,0.3819933841507263,0.6306630231554725,1.46486790331647,-1
281,23,2463,1002,566,454,329,97,775,671,1298,4125,1316,72,343,5625,0.5269995939910678,2.2838002436053593,1.4007682458386683,-1
282,23,1872,559,176,362,310,34,1109,168,2609,2175,1897,254,296,5165,1.3936965811965811,2.7590811965811968,1.8009761388286334,-1
284,20,4041,1382,445,456,127,99,1866,63,2392,1078,1263,269,233,6203,0.5919326899282356,1.5350160851274437,0.6796642296236123,-1
287,19,6775,1789,409,477,321,97,1881,97,131,545,807,213,176,6267,0.01933579335793358,0.9250184501845018,0.5364059818582986,-1
289,18,7267,1954,138,420,160,79,335,181,2086,2069,616,91,161,4135,0.2870510527040044,0.5690105958442273,0.703749484960857,-1
290,18,1605,1613,171,352,174,74,606,272,2909,3358,1349,30,97,4738,1.8124610591900312,2.95202492211838,0.9824267782426779,-1
292,20,3181,653,432,484,292,55,1780,467,2457,616,1482,204,201,6050,0.7723986167871738,1.9019176359635335,1.111692844677138,-1
295,18,4136,1172,585,99,374,85,1594,128,929,1811,1638,256,165,6096,0.22461315280464217,1.4738878143133463,0.8191584601611459,-1
296,18,3637,1884,290,481,356,47,402,54,1719,171,1471,169,73,5227,0.47264228759967003,1.4371734946384382,1.0291149068322982,-1
300,26,2786,1564,152,396,199,48,23,262,2825,2254,476,263,102,3485,1.0139985642498206,1.250897343862168,1.0040253018976424,-1
302,25,6658,1477,550,294,327,20,1835,541,2845,1418,1560,69,23,6696,0.4273054971462902,1.0057074196455391,0.7338166752977732,-1
305,20,3859,508,336,336,41,40,985,106,2681,2723,374,219,83,3028,0.6947395698367452,0.784659238144597,0.6555494805904866,-1
306,18,1944,1666,345,70,386,42,222,554,207,3010,1331,45,131,4792,0.10648148148148148,2.4650205761316872,1.1459919390953874,-1
309,24,1535,689,505,161,246,50,799,486,2162,167,1000,221,393,4550,1.4084690553745929,2.964169381107492,1.2829904666332164,-1
311,20,2975,1239,521,126,88,65,1960,45,2352,85,988,226,83,5341,0.7905882352941176,1.795294117647059,0.435752688172043,-1
314,27,3345,967,171,197,58,40,883,535,540,4944,1886,28,216,4981,0.16143497757847533,1.4890881913303438,1.4646214745175656,-1
320,19,4438,436,198,77,32,12,419,562,1676,3081,1743,60,113,3652,0.3776475890040559,0.8228931951329428,2.4681861348528016,-1
323,19,2743,1775,355,74,76,79,648,175,260,1532,940,19,362,4503,0.0947867298578199,1.6416332482683194,0.6209503239740821,-1
327,18,7402,440,414,380,147,84,475,618,543,4988,1724,73,43,4398,0.07335855174277223,0.5941637395298568,2.309255079006772,-1
328,25,1509,1406,386,298,192,24,1829,39,1890,238,127,28,130,4459,1.2524850894632207,2.954937044400265,0.23142778238055786,-1
330,26,3925,497,354,439,278,47,169,352,562,1438,934,34,102,3206,0.1431847133757962,0.8168152866242038,2.1431372549019607,-1
332,24,3160,1891,289,124,24,66,173,420,2704,1460,99,98,97,3281,0.8556962025316456,1.0382911392405063,0.3943901402464938,-1
335,27,6315,700,226,217,346,24,444,486,339,366,744,90,395,3672,0.05368171021377672,0.5814726840855107,1.6802919708029198,-1
343,21,4773,322,482,497,50,80,455,372,2416,3456,1206,217,248,3929,0.506180599203855,0.8231720092185209,2.1207307386814933,-1
344,21,1645,534,505,290,94,47,1292,149,2039,1221,661,266,180,4018,1.23951367781155,2.442553191489362,0.7237237237237237,-1
346,25,4540,1424,112,430,346,14,810,93,411,2804,963,295,168,4655,0.09052863436123348,1.025330396475771,0.9842284739982949,-1
347,20,2962,1228,144,393,85,20,187,361,1176,1226,1757,189,359,4723,0.39702903443619175,1.5945307224848075,2.0295060936497755,-1
349,19,6176,822,525,84,316,43,1592,109,133,689,168,96,250,4005,0.02153497409326425,0.6484779792746114,0.36270840421912215,-1
350,19,3084,1775,213,239,39,10,710,598,1941,4782,399,28,130,4141,0.6293774319066148,1.3427367055771724,0.5348406226834692,-1
351,24,1982,730,532,50,245,92,528,474,485,4881,966,55,164,3836,0.24470232088799193,1.9354187689202826,1.1430167597765364,-1
353,20,2749,1929,599,478,58,94,287,367,1234,4507,591,238,83,4724,0.448890505638414,1.718443070207348,0.6781527531083481,-1
355,27,2130,1278,436,175,64,70,1590,617,1302,4381,410,101,237,4978,0.6112676056338028,2.337089201877934,0.5066585956416465,-1
356,23,2161,1975,537,394,345,96,498,121,893,1109,757,91,303,5117,0.41323461360481256,2.3678852383155946,0.7,-1
357,27,5003,1616,519,449,110,30,1464,500,951,4945,1526,234,373,6821,0.19008594843094143,1.3633819708175094,0.8952486801889413,-1
358,27,4352,1109,580,275,257,97,1804,233,475,429,1626,88,255,6324,0.1091452205882353,1.453125,0.8104780990552534,-1
360,18,2487,1424,498,452,185,21,86,184,1710,3781,379,292,172,3693,0.6875753920386007,1.4849215922798553,0.8391434262948207,-1
363,23,2468,1170,507,74,359,91,540,105,2592,984,1743,165,170,4924,1.0502431118314424,1.9951377633711507,1.221019395579612,-1
365,22,2600,1323,427,231,354,39,832,632,2444,4507,1813,126,40,5817,0.94,2.2373076923076924,1.2529047250193648,-1
366,18,1940,1876,597,378,271,33,796,383,1431,527,134,163,201,4832,0.7376288659793815,2.490721649484536,0.47812786784949524,-1
380,20,5102,1423,596,183,393,35,137,543,2162,4697,1965,153,47,5475,0.42375539004312035,1.073108584868679,1.5394248608534322,-1
381,18,7199,330,255,70,392,75,577,140,1354,2390,1873,197,318,4227,0.18808167801083484,0.5871648840116683,2.6376936316695354,-1
382,25,2741,1197,572,171,312,89,709,683,2346,2203,1847,132,116,5828,0.8558920102152499,2.1262313024443635,1.3518966908797416,-1
383,20,2625,1851,288,119,262,47,1863,683,1477,4807,399,260,65,5837,0.5626666666666666,2.2236190476190476,0.4585207396301849,-1
384,27,4101,948,371,401,339,74,227,207,134,1465,331,139,20,3057,0.0326749573274811,0.745427944403804,0.9773609314359638,-1
385,24,7931,628,474,410,157,84,280,32,261,3271,342,261,185,2853,0.03290883873408145,0.35972765098978693,1.0643994211287988,-1
386,27,2690,1489,101,97,98,60,683,622,2946,402,1342,189,264,4945,1.0951672862453532,1.838289962825279,1.1755389353277608,-1
391,26,5948,1496,458,293,101,90,1709,90,2999,176,1033,299,221,5790,0.5042030934767989,0.9734364492266308,0.5806715806715806,-1
393,18,1572,1075,195,493,244,63,1234,149,447,742,69,249,299,4070,0.28435114503816794,2.589058524173028,0.6253993610223643,-1
394,27,6972,1586,597,137,35,48,301,62,793,2348,808,32,297,3903,0.11374067699368905,0.5598106712564543,0.571256038647343,-1
395,27,3414,573,320,293,329,51,1109,539,1034,4402,1913,181,35,5343,0.3028705330990041,1.5650263620386644,1.6688311688311688,-1
396,18,6689,1326,337,430,377,37,1420,32,1012,750,1786,295,32,6072,0.15129316788757663,0.9077590073254597,0.9695102173207915,-1
399,26,2207,1239,368,53,175,12,768,321,774,3967,1968,127,337,5368,0.3507023108291799,2.4322609877661985,1.2602105263157894,-1
400,25,3304,1472,270,240,21,19,1914,546,1539,213,750,15,106,5353,0.4657990314769976,1.6201573849878934,0.46416849015317285,-1
411,23,1566,1848,300,426,299,10,795,191,1065,1725,1156,152,399,5576,0.6800766283524904,3.5606641123882503,0.8946653075093443,-1
413,22,3928,348,301,118,366,11,1477,353,2932,1701,599,296,247,4116,0.7464358452138493,1.0478615071283095,0.9360301034807149,-1
414,18,5653,417,463,296,369,90,1462,303,2100,304,1518,286,139,5343,0.3714841676985671,0.945161860958783,1.2813834329632792,-1
415,21,1841,353,578,310,333,39,1848,494,2161,4078,136,178,372,4641,1.173818576860402,2.5209125475285172,0.6700251889168766,-1
421,21,2732,857,516,142,57,58,23,651,971,1024,1893,262,180,4639,0.3554172767203514,1.6980234260614935,2.3230659025787967,-1
422,18,5374,1848,412,62,245,10,964,428,394,4312,335,298,60,4662,0.07331596576107183,0.8675102344622255,0.446029776674938,-1
424,24,2994,1167,236,475,243,93,745,578,2695,506,1767,186,258,5748,0.9001336005344022,1.9198396793587174,1.675977653631285,-1
434,20,2516,1859,387,305,58,52,17,696,1683,2894,1593,289,215,5471,0.668918918918919,2.174483306836248,1.4175872735307113,-1
435,27,5906,840,370,58,279,48,43,608,1692,1100,1073,49,307,3675,0.2864883169657975,0.6222485607856417,1.9329608938547487,-1
436,18,1707,470,239,166,22,82,154,616,1255,3661,1657,249,29,3684,0.7352079671939075,2.15817223198594,3.26882966396292,-1
439,21,2132,1701,561,347,391,57,1400,232,1390,3613,144,274,284,5391,0.6519699812382739,2.528611632270169,0.4721463681048607,-1
440,25,3602,1511,540,446,30,16,742,498,2946,38,718,268,88,4857,0.8178789561354803,1.3484175458078844,0.7389903329752954,-1
442,19,4583,529,171,425,377,78,1851,590,2393,4239,380,30,374,4805,0.5221470652411084,1.0484398865372027,0.8835750686005488,-1
444,21,7019,1479,289,317,40,10,224,361,137,2415,1854,221,215,5010,0.01951844992164126,0.7137768912950563,1.5150602409638554,-1
445,25,3431,1083,367,86,58,46,216,543,344,758,1228,25,93,3745,0.10026231419411251,1.0915185077236957,1.2478991596638656,-1
447,20,4062,403,206,122,121,46,30,25,1233,3116,324,227,244,1748,0.30354505169867063,0.43032988675529293,1.7355242566510172,-1
448,18,3179,1927,331,357,65,90,1892,163,1729,764,1739,102,142,6808,0.5438817238125196,2.1415539477823216,0.6404819277108433,-1
449,18,1736,997,141,248,85,73,1082,280,493,2422,1638,142,121,4807,0.28398617511520735,2.7690092165898617,1.1653153153153153,-1
453,18,7599,1997,202,109,357,81,934,466,2155,4029,816,24,294,5280,0.2835899460455323,0.6948282668772207,0.6852856686881583,-1
456,27,1863,1714,372,345,118,75,1130,135,389,2866,1253,299,158,5599,0.2088030059044552,3.005367686527107,0.7409825870646766,-1
458,20,1785,964,515,390,178,29,529,584,2658,700,1332,261,292,5074,1.4890756302521009,2.842577030812325,1.5268924302788844,-1
459,19,1648,332,320,200,122,69,1936,560,1011,4383,292,11,336,4178,0.6134708737864077,2.5351941747572817,0.6143740340030912,-1
462,18,6051,1055,523,228,103,33,1606,648,2863,3987,1977,58,236,6467,0.4731449347215336,1.0687489671128738,1.0310929648241205,-1
463,27,3266,1961,506,246,210,13,873,637,318,4945,575,87,378,5486,0.09736680955296999,1.679730557256583,0.6425149700598802,-1
464,25,6395,311,155,272,70,46,565,438,2553,4145,681,37,85,2660,0.3992181391712275,0.41594996090695857,1.580019398642095,-1
467,27,4331,854,533,483,88,98,75,280,2144,3137,1342,174,394,4321,0.4950357885015008,0.9976910644193027,1.9555403556771547,-1
469,20,3023,783,520,285,277,27,266,292,931,1790,1998,82,375,4905,0.30797221303341055,1.622560370492888,2.1261950286806885,-1
472,21,5225,1551,598,179,208,57,1144,275,2941,2381,219,288,40,4559,0.5628708133971292,0.8725358851674642,0.38445186759793504,-1
474,22,7282,606,299,62,133,67,24,39,694,4963,1582,16,182,3010,0.09530348805273277,0.4133479813238121,2.240043057050592,-1
476,25,3101,459,532,408,183,82,159,651,680,3569,1739,118,283,4614,0.21928410190261205,1.487907126733312,3.0121739130434784,-1
478,26,1840,1075,470,155,68,44,1137,642,1847,600,1067,243,126,5027,1.003804347826087,2.7320652173913045,0.8743475018642803,-1
482,27,7462,1827,248,235,208,94,1189,112,180,1965,161,208,21,4303,0.024122219244170465,0.5766550522648084,0.31832107843137253,-1
485,25,3225,1537,162,124,274,24,1198,383,1702,868,1960,181,377,6220,0.5277519379844962,1.9286821705426356,1.1470486710390058,-1
489,21,1761,494,255,374,280,73,1109,641,2475,4456,553,165,111,4055,1.405451448040886,2.3026689381033503,1.182454251883746,-1
491,18,1905,456,105,364,290,96,319,107,401,1934,1969,124,363,4193,0.210498687664042,2.2010498687664044,3.764772727272727,-1
495,22,1743,1528,127,367,163,34,1640,53,1756,30,1941,299,92,6244,1.0074584050487665,3.5823293172690764,0.8949924127465857,-1
496,18,6085,1402,549,193,278,15,1341,227,1971,703,1845,156,215,6221,0.323911257189811,1.0223500410846345,0.8897326852976913,-1
497,24,5607,1447,137,433,66,43,1826,218,2615,868,91,278,303,4842,0.4663813090779383,0.8635634028892456,0.419941348973607,-1
498,24,2060,770,218,265,370,72,1273,611,2326,232,58,142,106,3885,1.129126213592233,1.8859223300970873,0.718266253869969,-1
501,26,2093,1925,343,64,227,58,1578,609,1864,2818,706,97,63,5670,0.8905876731963689,2.709030100334448,0.47425897035881437,-1
502,18,7048,1427,167,266,330,60,897,97,375,3600,1986,121,355,5706,0.05320658342792282,0.8095913734392736,1.290646326776395,-1
508,18,1633,733,157,407,109,71,306,179,1029,316,1100,165,107,3334,0.6301285976729945,2.0416411512553583,1.7876254180602007,-1
512,26,1572,577,387,354,193,45,390,89,171,1881,1679,115,60,3889,0.10877862595419847,2.473918575063613,1.8722304283604136,-1
517,22,7407,1815,287,121,218,57,297,222,2416,4873,1723,270,387,5397,0.32617793978668824,0.728635074929121,1.2496873697373905,-1
518,22,7597,1522,593,259,339,94,232,307,1143,4455,1954,296,369,5965,0.15045412662893248,0.7851783598788996,1.5415423945462292,-1
522,22,2292,1348,454,91,360,89,1319,500,2294,1098,1522,52,247,5982,1.0008726003490402,2.6099476439790577,0.9166933675104133,-1
526,26,1594,1662,383,56,77,60,705,46,231,2330,1481,264,75,4809,0.14491844416562108,3.0169385194479297,0.7487272727272727,-1
528,22,2633,760,525,59,50,38,1391,337,2902,1032,1517,82,137,4896,1.1021648309912646,1.8594758830231675,0.8295964125560538,-1
530,27,6417,1683,403,85,112,19,844,402,2890,1840,1995,167,273,5983,0.4503662147420913,0.9323671497584541,1.0419795221843002,-1
532,27,4446,1306,196,55,290,91,1896,122,894,2138,1733,247,80,6016,0.20107962213225372,1.3531264057579846,0.7704532077692761,-1
533,22,4030,1162,546,457,113,10,490,522,2410,4551,233,167,107,3807,0.598014888337469,0.9446650124069479,0.7320291173794359,-1
535,24,2548,790,555,264,304,30,502,635,357,443,1877,18,366,5341,0.1401098901098901,2.0961538461538463,1.891716296697347,-1
539,27,2463,515,487,458,384,69,745,672,1074,622,1223,260,218,5031,0.43605359317904996,2.0426309378806335,1.8797939324556383,-1
540,18,2036,1761,521,488,393,70,1404,437,1147,1479,1586,155,275,7090,0.5633595284872298,3.482318271119843,0.9234943027672273,-1
541,23,7199,1892,591,386,56,29,1719,375,370,3037,1142,67,361,6618,0.05139602722600361,0.9192943464370051,0.5749643027129938,-1
547,27,2042,1093,175,164,121,70,363,536,564,2030,1051,222,42,3837,0.2761998041136141,1.8790401567091086,1.3525444512568976,-1
548,19,2345,304,386,431,185,19,201,550,1331,386,924,174,160,3334,0.567590618336887,1.4217484008528785,2.7418630751964086,-1
550,22,7277,660,474,436,33,93,145,140,387,4133,1470,130,339,3920,0.05318125601209289,0.5386835234299849,2.064894448788116,-1
551,23,4536,758,241,124,392,74,835,51,975,1184,133,97,175,2880,0.21494708994708994,0.6349206349206349,0.5703380588876772,-1
553,25,3994,1889,124,238,92,10,1480,56,2327,240,1372,70,158,5489,0.5826239359038557,1.3743114672008012,0.5714285714285714,-1
554,18,5985,1996,389,127,268,14,134,361,1220,561,1821,188,393,5691,0.20384294068504594,0.9508771929824561,1.259229853116316,-1
557,18,5638,314,507,225,109,37,63,676,2932,1929,272,90,383,2676,0.5200425682866264,0.4746363958850656,2.0271493212669682,-1
558,24,5849,1035,217,70,48,32,490,284,2708,4900,842,179,105,3302,0.46298512566250644,0.5645409471704564,0.8955223880597015,-1
568,20,2189,745,251,273,380,90,1393,527,594,3841,1269,272,29,5229,0.271356783919598,2.3887619917770673,1.188781917120134,-1
569,24,6872,509,104,263,302,82,367,577,1047,2441,1977,175,377,4733,0.15235739231664727,0.6887369033760187,3.8295918367346937,-1
570,20,3450,1913,294,108,77,19,1459,545,122,4885,657,189,222,5483,0.03536231884057971,1.5892753623188405,0.4956355701036552,-1
571,19,6675,1013,541,376,321,17,917,616,1228,594,1902,201,215,6119,0.18397003745318352,0.9167041198501873,1.4763253743423714,-1
573,21,1956,1546,563,158,44,86,243,47,657,4096,674,293,275,3929,0.33588957055214724,2.0086912065439675,0.6704931972789115,-1
574,25,6578,302,212,434,92,68,901,400,1716,1496,126,116,242,2893,0.2608695652173913,0.4397993311036789,1.0445229681978798,-1
580,18,2679,792,143,84,201,84,727,506,906,914,1393,51,122,4103,0.3381858902575588,1.5315416200074654,1.4687123947051746,-1
583,18,2382,1484,261,295,25,82,542,334,553,94,541,197,179,3940,0.23215785054575985,1.6540722082283794,0.7227809357236554,-1
585,22,1899,632,450,153,333,46,1525,253,1547,3069,1704,280,372,5748,0.8146392838335966,3.0268562401263823,1.2048331415420024,-1
586,23,2108,349,533,56,345,10,930,322,1599,149,1234,134,155,4068,0.75853889943074,1.9297912713472485,1.2450331125827814,-1
587,27,7391,1846,439,332,72,13,399,626,1150,1046,357,170,245,4499,0.1555946421323231,0.6087132999594101,0.6762295081967213,-1
588,22,3138,1162,239,50,85,63,1230,672,2661,2803,1936,96,262,5795,0.8479923518164436,1.8467176545570427,1.202584568605093,-1
590,22,3648,1815,231,279,101,12,1169,132,2611,4950,1748,154,90,5731,0.715734649122807,1.5709978070175439,0.7825816485225505,-1
591,22,2882,1905,186,221,106,18,878,640,2954,4476,1469,257,96,5776,1.0249826509368494,2.0041637751561416,0.9454361737958908,-1
592,21,2903,571,275,136,21,95,100,381,2971,551,740,15,73,2407,1.0234240440923184,0.8291422666207372,1.5443974630021142,-1
593,20,2319,879,282,90,223,96,879,116,462,294,138,40,296,3039,0.19922380336351875,1.3104786545924967,0.48970588235294116,-1
598,26,6017,745,165,466,387,83,758,639,2203,4805,1619,13,277,5152,0.36612930031577195,0.8562406514874522,2.0887290167865706,-1
600,18,3008,1655,486,112,84,79,1907,418,2636,253,500,243,383,5867,0.8763297872340425,1.950465425531915,0.4493577075098814,-1
606,26,4529,610,215,481,124,10,380,494,1498,3496,974,26,36,3350,0.33075734157650694,0.7396776330315743,1.7800829875518671,-1
610,25,4145,1713,580,52,350,22,1934,250,2407,2376,1116,282,301,6600,0.5806996381182147,1.5922798552472859,0.5613910574875799,-1
611,22,5216,1583,471,421,235,24,1556,540,2588,362,994,299,56,6179,0.49616564417177916,1.1846242331288344,0.711634349030471,-1
613,27,6802,1182,352,495,352,53,1186,692,955,3851,1947,191,188,6638,0.14039988238753306,0.9758894442810938,1.4404411764705882,-1
616,25,3793,424,465,319,43,55,306,330,2587,84,1104,112,272,3430,0.6820458739783812,0.9042973899288163,1.8702928870292888,-1
618,19,4208,1596,562,417,35,28,54,672,1085,3885,1747,98,316,5525,0.2578422053231939,1.3129752851711027,1.4977396021699818,-1
620,26,7042,544,124,366,262,20,332,615,235,4357,816,275,292,3646,0.03337120136324908,0.5177506390230048,2.646,-1
624,26,7856,1570,477,429,286,30,242,97,1008,4960,1461,66,72,4730,0.12830957230142567,0.6020875763747454,1.0664045434687637,-1
625,18,3509,819,488,73,212,91,1884,561,2935,2371,1839,121,137,6225,0.8364206326588772,1.7740096893701909,0.9507991225321216,-1
626,22,1741,1464,169,165,354,66,599,304,689,3300,1715,24,384,5244,0.3957495692130959,3.012062033314187,1.3494623655913978,-1
630,19,2171,1675,463,255,318,39,1750,301,2686,4312,809,151,355,6116,1.2372178719484108,2.8171349608475356,0.573045267489712,-1
631,20,1663,794,402,384,344,82,603,581,1243,1269,159,123,64,3536,0.7474443776307877,2.126277811184606,0.9655364091161757,-1
632,22,1964,1929,570,128,94,40,302,277,1431,4543,1401,299,37,5077,0.7286150712830958,2.585030549898167,0.8125669403784362,-1
633,26,4542,1132,551,119,122,51,1487,379,2855,318,1478,34,374,5727,0.6285777190664905,1.260898282694848,0.8066246056782335,-1
635,27,6295,1362,117,320,197,70,1719,289,2442,2778,1835,277,343,6529,0.3879269261318507,1.0371723590150914,1.041588492808005,-1
637,19,6298,486,575,341,334,79,138,659,2200,4134,1902,259,69,4842,0.3493172435693871,0.7688154969831693,3.0383653044203505,-1
638,22,7536,1919,326,296,58,87,194,123,905,1602,212,296,300,3811,0.12009023354564756,0.5057059447983014,0.5625256252562526,-1
640,25,7387,1053,459,128,223,99,1792,592,151,829,448,52,262,5108,0.020441315825098144,0.6914850412887505,0.5460048426150121,-1
641,18,5778,392,250,436,26,26,646,499,2875,855,632,175,396,3478,0.49757701626860507,0.6019383869851159,1.700310559006211,-1
642,23,6224,385,291,239,68,28,0,260,171,2648,448,51,183,1953,0.027474293059125965,0.3137853470437018,1.8890532544378698,-1
643,18,4057,1367,550,96,45,60,560,32,127,1858,1566,185,343,4804,0.03130391915208282,1.184126201626818,0.939442874444893,-1
644,19,7327,436,139,410,180,79,1119,166,568,1102,1719,76,75,4399,0.07752149583731405,0.6003821482189163,1.5968122786304604,-1
645,18,2045,720,341,403,376,72,712,620,863,2481,288,75,58,3665,0.42200488997555013,1.7921760391198045,1.0671178793006204,-1
646,22,7183,373,237,401,195,84,412,114,2694,1820,1538,92,338,3784,0.3750522065989141,0.5267993874425727,2.7025440313111546,-1
648,26,5335,1936,279,465,21,39,1878,44,2348,2079,1863,296,141,6962,0.4401124648547329,1.304967197750703,0.7009528463229905,-1
654,20,7544,1171,104,50,47,31,1504,665,2018,3651,1344,246,258,5420,0.26749734888653237,0.7184517497348887,0.9503418495861821,-1
655,18,4993,621,477,83,352,98,1862,657,1175,2239,1453,27,234,5864,0.23532946124574405,1.174444221910675,0.981081081081081,-1
656,22,4101,1890,336,495,20,28,395,510,178,1939,349,18,311,4352,0.043404047793221164,1.0612045842477444,0.6604349484929416,-1
659,18,4172,1926,136,383,54,51,1909,245,1131,4064,1051,158,44,5957,0.27109300095877276,1.4278523489932886,0.5001259128682951,-1
662,23,1516,1478,336,147,329,56,1074,325,2915,1112,298,236,154,4433,1.9228232189973615,2.924142480211082,0.534972299168975,-1
664,22,1892,648,448,464,236,98,35,199,2092,1179,83,263,85,2559,1.105708245243129,1.352536997885835,1.2625994694960212,-1
667,22,2071,1496,158,458,102,25,881,635,1842,116,1472,224,144,5595,0.889425398358281,2.7015934331240947,1.2071005917159763,-1
671,20,1741,1761,459,396,326,44,1703,247,789,4089,633,58,143,5770,0.4531878230901781,3.3141872487076394,0.47081315319908235,-1
675,18,2288,1822,366,406,128,94,355,362,2251,3788,836,12,332,4713,0.9838286713286714,2.0598776223776225,0.8533228470310656,-1
676,20,2214,428,575,138,391,41,708,59,1929,371,1834,236,108,4518,0.8712737127371274,2.040650406504065,1.6405610753945061,-1
679,18,2275,904,522,142,375,68,1019,198,2131,2661,1691,251,320,5490,0.9367032967032967,2.413186813186813,1.2453987730061349,-1
680,25,5526,626,189,389,183,50,1911,617,2605,464,185,41,55,4246,0.4714078899746652,0.7683677162504524,0.5575935436537051,-1
681,19,3747,1279,304,134,87,75,1614,152,463,4878,123,272,106,4146,0.12356551908193221,1.1064851881505204,0.29684078823897403,-1
682,25,1578,703,478,494,311,63,901,370,2282,4899,303,220,137,3980,1.4461343472750317,2.5221799746514577,0.9116234390009607,-1
684,27,2355,1929,546,71,200,37,438,559,2186,1773,1071,206,201,5258,0.9282377919320595,2.232696390658174,0.8050120151047031,-1
686,19,7730,1934,544,321,41,74,126,103,2966,2103,99,121,378,3741,0.38369987063389394,0.48395860284605435,0.43663594470046085,-1
692,23,5682,573,556,322,66,84,463,312,1269,4317,1887,222,138,4623,0.22333685322069693,0.8136219640971489,1.903894472361809,-1
694,26,4956,415,322,491,304,47,150,599,467,3411,1655,298,214,4495,0.09422921711057304,0.9069814366424536,4.067643742953777,-1
699,19,3168,623,261,399,355,44,1960,467,2963,111,256,200,158,4723,0.9352904040404041,1.4908459595959596,0.6606891701828411,-1
700,20,1647,1260,346,439,207,75,1456,521,1976,682,464,230,391,5389,1.1997571341833637,3.2720097146326657,0.7599608099281515,-1
701,24,7920,413,130,130,178,84,912,546,1678,1161,270,19,260,2942,0.21186868686868687,0.37146464646464644,1.0219931271477662,-1
705,19,1865,1951,484,497,120,27,684,269,696,1425,812,230,339,5413,0.3731903485254692,2.902412868632708,0.735492144918243,-1
706,19,3174,1589,538,65,21,29,157,428,2934,3661,612,270,50,3759,0.9243856332703214,1.1843100189035918,0.6457968476357268,-1
712,23,2062,1601,420,475,118,67,1692,697,211,4750,1419,113,63,6665,0.1023278370514064,3.232298739088264,0.7950444384594667,-1
716,27,2272,1903,281,412,316,39,902,340,2286,2773,1626,255,28,6102,1.006161971830986,2.6857394366197185,0.9773169151004537,-1
717,20,7993,1008,525,149,230,34,665,551,1971,4281,118,47,90,3417,0.24659076692105591,0.4274990616789691,0.5545950864422202,-1
723,18,3073,398,198,488,48,76,254,96,2042,4778,1104,137,395,3194,0.664497233973316,1.039375203384315,2.7576470588235296,-1
724,27,5194,887,592,206,289,95,207,666,2708,1718,1972,223,97,5234,0.5213708124759338,1.007701193685021,2.1043890865954924,-1
725,18,6587,581,307,471,266,90,449,411,1426,3830,1702,252,233,4762,0.2164870198876575,0.7229391225140428,2.56170531039641,-1
726,21,4791,702,107,300,31,26,94,431,2219,3181,756,53,35,2535,0.46316009183886453,0.5291170945522855,1.8073089700996678,-1
727,25,2746,1432,289,415,374,23,1883,192,1957,2882,1675,15,48,6346,0.7126729788783686,2.310997815003642,0.7608213096559379,-1
729,19,5339,498,372,67,125,71,477,236,1200,284,706,17,310,2879,0.22476119123431354,0.5392395579696573,1.1373422420193022,-1
730,23,1859,1626,116,376,51,30,682,395,161,420,1787,14,62,5139,0.08660570199031738,2.764389456697149,1.120049504950495,-1
732,19,3876,453,240,432,190,46,189,30,1280,3065,393,121,394,2488,0.3302373581011352,0.6418988648090815,1.8208616780045352,-1
735,24,2462,704,436,265,320,44,1756,454,2888,3884,404,221,390,4994,1.173030056864338,2.0284321689683185,0.7244475138121547,-1
740,25,3716,383,262,332,28,17,1663,528,1714,1841,1860,34,61,5168,0.461248654467169,1.3907427341227125,1.2391681109185442,-1
741,21,5812,1722,465,220,81,13,1628,151,205,4800,1395,217,352,6244,0.03527185134205093,1.0743289745354438,0.636697247706422,-1
742,25,1877,1053,113,108,204,36,1835,338,1254,721,1645,12,252,5596,0.6680873734683005,2.981353223228556,0.8647117627457515,-1
743,26,5714,927,338,81,48,53,132,640,1808,1401,1956,224,89,4488,0.3164158207910395,0.7854392719635982,2.2125984251968505,-1
751,22,7107,1881,514,119,279,77,1316,80,2327,4816,1996,225,308,6795,0.327423666807373,0.9560996200928662,0.8310428455941795,-1
752,19,2269,1223,344,367,101,20,986,388,392,2731,1929,230,34,5622,0.17276333186425738,2.477743499338916,1.2021151586368977,-1
754,23,2280,1828,159,136,191,82,1138,565,2942,1964,1079,241,186,5605,1.2903508771929824,2.4583333333333335,0.7936,-1
755,22,3216,774,105,419,250,13,1972,601,2322,1057,543,267,82,5026,0.7220149253731343,1.5628109452736318,0.762890213960014,-1
756,23,7803,1135,296,411,227,85,1693,36,2270,4831,1966,162,280,6291,0.2909137511213636,0.8062283737024222,1.013764404609475,-1
757,18,7994,570,569,105,94,82,258,515,2374,757,1362,265,140,3960,0.29697272954716036,0.49537152864648487,1.8346456692913387,-1
762,18,2022,1606,517,231,339,48,1404,88,2212,1239,1423,182,35,5873,1.0939663699307616,2.9045499505440158,0.6651545222568755,-1
763,27,2021,339,125,162,121,67,560,180,1404,4150,1273,256,374,3457,0.6947055912914398,1.7105393369619,2.3759765625,-1
766,26,2435,1293,573,344,274,92,1524,588,2765,2542,1015,58,96,5857,1.135523613963039,2.4053388090349075,0.7277286135693215,-1
768,23,5540,835,489,475,77,86,361,404,2959,3955,946,78,112,3863,0.534115523465704,0.6972924187725632,1.2925816023738872,-1
771,27,7446,732,547,456,215,75,1461,537,1282,4228,266,62,373,4724,0.17217297878055332,0.6344345957561106,0.724087591240876,-1
773,18,7767,1504,245,335,372,95,196,129,1325,4464,402,168,238,3684,0.17059353675807906,0.47431440710699113,0.8940874035989718,-1
777,21,3961,1176,113,245,27,23,410,70,1720,566,374,122,278,2838,0.4342337793486493,0.7164857359252714,0.6703943496174221,-1
778,25,7599,880,561,372,319,93,7,422,1092,4622,950,152,375,4131,0.1437031188314252,0.5436241610738255,1.852900552486188,-1
779,23,7344,1162,112,120,117,24,543,582,2392,4132,1301,147,66,4174,0.32570806100217864,0.5683551198257081,1.2971931755641166,-1
781,24,4859,480,483,195,393,26,319,106,1485,638,357,117,81,2557,0.30561844000823213,0.5262399670714138,0.9945397815912637,-1
782,25,2185,980,143,155,88,33,1417,87,2533,3700,703,293,103,4002,1.1592677345537759,1.831578947368421,0.5755905511811024,-1
783,19,3660,1124,474,312,64,39,268,615,2906,4167,1707,168,152,4923,0.7939890710382513,1.3450819672131147,1.6382636655948553,-1
784,27,5488,1832,498,345,156,71,1214,61,2561,2399,334,23,355,4889,0.4666545189504373,0.8908527696793003,0.37951467268623024,-1
787,24,3067,1649,590,117,308,56,60,697,858,1720,409,281,63,4230,0.27975220084773395,1.3791979132702967,0.8399304045237059,-1
789,24,1538,1973,591,101,86,75,1287,282,692,1682,846,178,289,5708,0.44993498049414826,3.7113133940182053,0.4822124123604259,-1
798,27,1801,641,221,381,81,89,1537,483,2502,770,1924,68,158,5583,1.3892282065519157,3.0999444752915046,1.3272196748645269,-1
800,26,2146,1361,143,484,87,58,1960,100,712,1462,1125,100,396,5814,0.3317800559179869,2.7092264678471576,0.6784064665127021,-1
801,18,6258,1834,459,233,44,72,193,681,204,3854,178,10,171,3875,0.032598274209012464,0.619207414509428,0.5587288817377313,-1
807,21,2161,1865,462,471,330,68,854,191,2088,4304,120,150,29,4540,0.966219342896807,2.100879222582138,0.42722414335114745,-1
813,19,6365,505,240,73,50,54,1489,45,2941,1469,215,296,308,3275,0.46205813040062843,0.5145326001571092,0.4659803043867502,-1
816,19,1782,795,227,132,371,80,220,157,1528,4251,1550,42,148,3722,0.8574635241301908,2.0886644219977555,1.996779388083736,-1
822,26,6663,1345,423,111,319,53,1971,100,2842,1265,1743,284,296,6645,0.4265345940267147,0.9972985141828006,0.7772131585985558,-1
824,23,3825,609,286,71,275,38,275,593,2052,653,774,98,23,3042,0.5364705882352941,0.7952941176470588,1.6,-1
827,19,3224,571,499,462,181,61,1111,630,2984,2339,1319,288,82,5204,0.9255583126550868,1.6141439205955335,1.3860614397065567,-1
828,25,2876,1894,289,474,305,63,1822,72,2921,3162,352,42,162,5475,1.0156467315716273,1.9036856745479833,0.36704119850187267,-1
830,22,2014,1525,528,147,274,66,641,611,817,1388,1861,162,311,6126,0.4056603773584906,3.041708043694141,1.2739420935412027,-1
831,26,2202,331,445,498,393,92,504,35,2457,2197,1736,99,304,4437,1.1158038147138964,2.0149863760217985,2.46640625,-1
834,23,1522,1066,336,161,22,29,1264,521,1538,4799,70,169,344,3982,1.0105124835742445,2.616294349540079,0.49362340585146286,-1
838,24,7751,1974,345,322,72,55,1259,309,2137,29,100,206,375,5017,0.27570636046961683,0.6472713198296994,0.40217998882057016,-1
840,25,4800,309,379,447,318,66,127,494,664,325,1343,229,316,4028,0.13833333333333334,0.8391666666666666,3.942331288343558,-1
843,24,1861,1084,258,489,324,64,1985,446,1524,110,867,242,205,5964,0.8189145620634067,3.2047286405158517,0.7926059513074842,-1
845,20,7772,735,586,105,223,98,542,683,319,2426,1875,223,227,5297,0.041044776119402986,0.6815491507977355,1.843263553408481,-1
847,22,2784,452,549,452,378,25,1673,451,1737,4364,1438,87,244,5749,0.6239224137931034,2.065014367816092,1.149962602842184,-1
849,25,1948,1216,170,477,165,70,1044,170,2418,3144,1591,225,130,5258,1.2412731006160165,2.6991786447638604,1.1637860082304528,-1
853,21,3355,1514,589,434,65,12,1666,672,1062,2011,824,299,151,6226,0.3165424739195231,1.8557377049180328,0.6518970549217299,-1
857,25,4581,1194,582,470,206,91,28,246,1420,2914,1714,215,180,4926,0.3099759877755949,1.0753110674525213,1.73059866962306,-1
860,26,7945,403,329,434,399,19,1906,396,450,4213,1100,101,300,5387,0.056639395846444306,0.6780365009439899,1.0420773313115996,-1
861,19,7874,1419,245,268,49,58,1965,137,610,3997,760,109,26,5036,0.07747015494030988,0.6395732791465583,0.38771011297878205,-1
863,27,2422,1521,296,486,117,66,868,463,591,3039,1972,201,55,6045,0.2440132122213047,2.495871180842279,1.2513966480446927,-1
866,23,6632,706,522,110,348,14,124,683,2156,1184,1170,99,311,4087,0.3250904704463209,0.616254523522316,2.0229289940828403,-1
872,18,1813,1916,250,149,350,39,465,683,2939,4054,264,68,239,4423,1.6210700496414783,2.4396028681742967,0.6811098441657164,-1
875,18,3756,980,489,220,230,12,1784,488,1368,1699,78,106,188,4575,0.36421725239616615,1.2180511182108626,0.4063940977559176,-1
876,27,7593,776,539,322,234,82,1244,647,2180,4507,151,136,210,4341,0.28710654550243647,0.5717107862504939,0.6963657678780774,-1
877,23,2537,372,221,426,59,50,472,76,1146,2575,172,255,44,2147,0.451714623571147,0.8462751281040599,1.015962441314554,-1
878,22,7252,1464,593,236,45,48,958,270,2992,135,103,96,52,3865,0.4125758411472697,0.5329564258135687,0.28192371475953565,-1
880,20,4134,561,103,440,209,11,493,471,148,3535,1687,213,348,4536,0.03580067731011127,1.097242380261248,2.9204840103716507,-1
887,24,2197,860,370,351,248,37,11,682,2493,4901,725,146,368,3798,1.1347291761492946,1.728720983158853,2.0604351329572923,-1
888,27,3679,1399,523,255,116,36,1286,533,292,4571,1026,288,383,5845,0.07936939385702636,1.5887469421038325,0.8220074812967582,-1
889,19,2904,474,477,127,386,60,1680,683,1539,3628,750,20,202,4859,0.5299586776859504,1.6732093663911847,0.846826301786393,-1
890,25,6751,408,195,65,35,73,448,420,1500,848,1366,80,187,3277,0.22218930528810546,0.4854095689527477,2.1179828734538533,-1
893,18,2513,364,301,196,45,47,1137,345,2625,1927,1960,35,182,4612,1.0445682451253482,1.835256665340231,1.5593784683684795,-1
894,22,1726,1262,311,51,371,74,25,600,927,2165,310,295,161,3460,0.5370799536500579,2.004634994206257,1.165206508135169,-1
895,26,3328,1797,105,59,31,27,1806,652,989,4286,1280,171,267,6195,0.2971754807692308,1.8614783653846154,0.6707119741100324,-1
897,26,6417,1867,475,174,152,60,507,266,2555,4718,98,78,218,3895,0.3981611344865202,0.6069814555088048,0.36714636714636717,-1
899,23,6466,1451,546,189,239,22,61,112,2021,4681,428,198,61,3307,0.31255799566965664,0.5114444788122486,0.6068999028182702,-1
901,20,7845,668,205,199,196,64,1838,634,210,1787,1959,252,85,6100,0.02676864244741874,0.7775653282345443,1.250092216894135,-1
904,19,5783,1742,500,389,41,53,1728,81,2197,338,1057,288,57,5936,0.37990662286010723,1.026456856302957,0.4952141057934509,-1
906,25,6536,377,487,487,180,42,1611,422,687,1196,159,39,125,3929,0.10511015911872705,0.6011321909424725,0.5874747474747475,-1
908,19,4690,1593,551,107,298,45,1525,586,2817,4559,1885,243,371,7204,0.600639658848614,1.5360341151385928,0.9634777868629054,-1
911,18,4792,1058,566,451,37,84,1048,272,2461,4380,1245,66,116,4943,0.5135642737896494,1.0315108514190316,0.8499251497005988,-1
917,20,5459,1292,121,459,224,34,1868,224,931,4923,1655,110,385,6372,0.1705440556878549,1.167246748488734,0.9420908259676928,-1
919,22,4083,638,567,384,173,30,0,157,115,3385,1008,162,271,3390,0.02816556453588048,0.8302718589272594,1.8132780082987552,-1
920,22,1661,492,249,93,195,34,1458,387,1469,1965,1003,38,311,4260,0.884406983744732,2.564720048163757,0.937244201909959,-1
921,20,2093,1776,467,76,260,20,1861,462,171,2427,1224,162,332,6640,0.0817009077878643,3.1724796942188247,0.6179337231968811,-1
924,26,4759,689,560,85,65,59,132,87,165,562,1540,13,278,3508,0.03467114940113469,0.7371296490859425,1.5401882693700217,-1
925,27,5655,1299,350,158,69,71,85,152,979,4826,679,246,289,3398,0.1731211317418214,0.6008841732979664,0.9596309111880046,-1
926,26,4462,824,589,104,185,98,1499,449,167,4352,926,47,53,4774,0.037427162707306144,1.069923800986105,0.6394230769230769,-1
935,24,2041,1412,212,146,89,14,1044,304,2569,600,204,264,323,4012,1.2586967172954433,1.965703086722195,0.5037481259370314,-1
936,18,6933,1983,350,385,169,28,996,46,2087,3033,1764,287,369,6377,0.3010240876965239,0.9198038367229193,0.9155902673475518,-1
942,22,1931,1699,224,462,297,11,48,389,587,377,1540,26,342,5038,0.30398757120662867,2.6090108751942,1.5560629122272958,-1
944,25,6969,1182,168,84,170,10,144,171,540,4488,757,144,94,2924,0.07748600947051226,0.4195723920218109,0.9571619812583668,-1
949,23,2669,674,129,83,252,88,1098,144,1016,2379,162,182,28,2840,0.3806669164481079,1.064068939677782,0.4939505523408732,-1
950,20,2330,750,380,146,202,99,1825,255,2756,3603,806,196,222,4881,1.1828326180257511,2.0948497854077255,0.6517766497461929,-1
951,24,3151,1949,511,218,270,56,928,181,105,982,946,97,398,5554,0.03332275468105363,1.7626150428435416,0.6393152302243211,-1
952,20,2636,1314,581,218,28,53,793,573,780,3942,1976,212,324,6072,0.2959028831562974,2.3034901365705616,1.2589285714285714,-1
954,27,1975,1502,347,120,71,23,1660,87,1743,1042,208,177,351,4546,0.8825316455696203,2.301772151898734,0.2955257908235965,-1
956,18,2826,799,594,363,245,64,1110,656,2706,861,1853,139,379,6202,0.9575371549893843,2.194621372965322,1.4778266080703155,-1
957,21,6566,763,124,81,70,24,1576,578,198,1876,1889,158,195,5458,0.030155345720377702,0.8312519037465732,1.2159967519285424,-1
964,24,2783,1606,474,110,345,96,41,421,869,4957,308,39,293,3733,0.31225296442687744,1.3413582464965865,0.76001885902876,-1
970,22,3233,868,215,59,348,74,1979,112,114,2656,1856,115,380,6006,0.03526136715125271,1.8577172904423136,0.961463096015676,-1
974,23,1574,1187,198,207,158,90,968,126,2847,2209,908,77,342,4261,1.8087674714104194,2.707115628970775,0.8108797280067999,-1
975,21,7780,1382,558,277,140,96,1487,347,104,4812,1922,101,308,6618,0.013367609254498715,0.8506426735218509,0.931135103589145,-1
978,25,2336,349,504,493,110,88,1842,503,1525,1473,967,112,193,5161,0.6528253424657534,2.2093321917808217,0.9150278293135437,-1
980,22,1999,318,272,146,82,75,1910,43,2733,3787,1193,188,250,4477,1.3671835917958979,2.2396198099049527,0.7908,-1
982,19,1637,496,308,164,229,33,1349,81,2908,3260,1382,277,180,4499,1.7764202810018326,2.748320097739768,1.0896423594983744,-1
983,20,3597,1773,547,240,31,97,73,510,891,3547,1611,17,205,5104,0.24770642201834864,1.418960244648318,1.1328875888006686,-1
989,21,7897,690,397,257,227,50,207,326,2191,617,185,140,265,2744,0.277447131822211,0.3474737241990629,1.1205564142194746,-1
990,27,7624,1914,565,90,43,36,1907,451,2844,4736,326,270,154,5756,0.37303252885624344,0.75498426023085,0.3123575011399909,-1
996,27,2949,1800,117,258,48,26,343,137,697,4116,460,37,27,3253,0.23635130552729738,1.1030857917938284,0.4393805309734513,-1
997,27,2046,1059,582,369,162,53,988,685,1166,4355,76,158,358,4490,0.5698924731182796,2.1945259042033234,0.7078737162419171,-1
999,19,6176,1352,445,491,370,72,1843,53,139,1436,1170,191,74,6061,0.022506476683937824,0.9813795336787565,0.6651098901098901,-1
1000,26,6968,637,243,179,61,91,73,668,2450,536,722,175,55,2904,0.3516073478760046,0.41676234213547647,2.0472193074501575,-1
1001,18,7552,1130,361,176,318,56,1660,337,274,951,1419,26,25,5508,0.03628177966101695,0.729343220338983,0.7480165026975564,-1
1004,21,2203,868,590,248,211,85,958,544,2768,3994,1372,198,69,5143,1.256468452110758,2.3345438039037676,1.1287251655629138,-1
1005,22,7904,1715,530,62,179,62,1856,600,1316,1840,336,148,131,5619,0.16649797570850203,0.7109058704453441,0.3701536210680322,-1
1006,25,3903,517,338,320,83,87,819,108,2391,850,1958,70,165,4465,0.6126056879323597,1.1439918011785806,1.6672640382317803,-1
1010,18,6605,316,287,327,234,29,331,303,2704,4628,450,109,49,2435,0.4093868281604845,0.36866010598031795,1.6070663811563168,-1
1013,23,4339,1893,586,123,50,16,1607,153,1146,4399,547,98,245,5318,0.2641161557962664,1.2256280248905278,0.30151737640724424,-1
1016,26,3361,1641,573,225,301,19,1691,671,2238,304,1401,246,235,7003,0.6658732520083308,2.083606069622136,0.7933418693982074,-1
1017,23,4356,980,414,476,48,48,454,337,2537,4908,147,218,151,3273,0.582415059687787,0.7513774104683195,0.7711038961038961,-1
1019,18,2185,1797,382,215,353,39,1138,195,1351,2435,1802,215,100,6236,0.6183066361556064,2.854004576659039,0.8800120590895387,-1
1023,21,7283,1906,290,473,340,88,833,417,2880,712,1459,89,352,6247,0.3954414389674585,0.8577509268158726,1.062396830637174,-1
1027,18,2375,397,162,194,106,85,1549,520,2215,3198,251,205,228,3697,0.9326315789473684,1.5566315789473684,0.7537950664136622,-1
1033,26,1662,465,142,426,398,49,464,479,878,1772,68,152,99,2742,0.5282791817087846,1.6498194945848375,1.5602240896358543,-1
1035,26,4791,453,162,186,63,95,277,541,2033,1074,1180,296,385,3638,0.4243372991024838,0.7593404299728658,3.07847533632287,-1
1036,27,1769,1762,352,373,375,33,835,508,1566,4760,1531,220,327,6316,0.8852459016393442,3.5703787450537026,1.1417429637165142,-1
1037,21,2131,1618,564,386,47,60,18,416,2570,591,360,188,193,3850,1.2060065696855937,1.8066635382449554,0.75,-1
1038,26,2405,518,475,322,36,67,65,374,1661,2978,461,67,257,2642,0.6906444906444906,1.0985446985446985,1.4971644612476371,-1
1041,26,3514,529,107,417,187,25,1019,643,2035,847,781,275,67,4050,0.5791121229368241,1.1525327262379055,1.447129909365559,-1
1042,20,3141,319,424,143,263,31,402,555,733,493,684,82,146,3049,0.23336517032792103,0.970709964979306,1.662882096069869,-1
1043,21,1704,852,189,217,95,66,1935,310,1353,545,547,280,188,4679,0.7940140845070423,2.7458920187793425,0.572244623655914,-1
1044,26,2081,1249,307,491,250,71,1845,187,1182,4999,293,243,373,5309,0.5679961556943777,2.5511773185968285,0.5610114672155249,-1
1053,23,2374,1101,250,414,286,95,104,601,2577,3347,1878,155,203,5087,1.0855096882898063,2.1427969671440605,2.4962199312714777,-1
1056,24,2189,1606,557,91,366,40,1982,428,1647,4715,767,185,164,6186,0.7523983554134308,2.8259479214253083,0.49240048250904705,-1
1058,23,7606,780,592,150,180,18,1437,278,208,3300,169,65,393,4062,0.027346831448856166,0.5340520641598738,0.44606621573513705,-1
1061,18,7597,1649,480,66,184,12,729,175,1093,2963,1880,64,293,5532,0.14387258128208502,0.7281821771752007,0.9356193142057383,-1
1064,27,7091,399,294,482,50,73,1635,491,921,4415,1897,210,242,5773,0.12988295021858695,0.8141305880693838,1.479810996563574,-1
1066,22,2443,807,327,272,362,43,1377,443,2796,4971,1706,24,23,5384,1.144494474007368,2.203847728203029,1.1441656710473915,-1
1067,18,7842,557,530,181,396,44,392,153,290,4848,651,153,295,3352,0.03698036215251212,0.4274419790869676,1.266396213657877,-1
1068,24,2949,712,529,387,149,24,203,399,2096,2704,1393,86,303,4185,0.7107494065785012,1.4191251271617498,1.8981994459833795,-1
1069,18,5237,1775,535,453,124,15,257,686,1032,1037,761,272,212,5090,0.19705938514416652,0.971930494557953,0.9828593689131282,-1
1072,18,6491,1477,205,96,21,61,445,32,2987,105,906,13,319,3575,0.46017562779232785,0.5507625943614235,0.6807710390220969,-1
1073,21,7785,565,120,156,378,92,1732,361,2315,769,1441,49,42,4936,0.29736673089274246,0.6340398201669878,1.0422010757136946,-1
1077,18,7664,961,410,128,199,88,132,431,1234,3495,545,112,237,3243,0.1610125260960334,0.4231471816283925,1.157684630738523,-1
1080,24,5170,1216,247,296,39,24,252,677,2986,933,879,285,261,4176,0.5775628626692456,0.8077369439071567,1.4349854227405248,-1
1083,20,3438,1167,418,485,57,93,1685,129,661,4380,1292,68,394,5788,0.1922629435718441,1.6835369400814426,0.7700305810397553,-1
1084,18,1870,909,263,75,167,47,1434,568,1633,4087,1133,240,184,5020,0.8732620320855615,2.6844919786096257,0.9263238679969301,-1
1088,18,3431,1772,371,223,188,82,1660,298,609,4474,599,45,397,5635,0.1774992713494608,1.6423783153599534,0.4817249539836971,-1
1089,20,1924,1180,245,141,342,62,1769,498,2966,1302,695,180,57,5169,1.5415800415800416,2.6865904365904365,0.6183469004383219,-1
1090,19,7804,600,552,482,244,65,1596,130,1433,3814,1984,135,63,5851,0.183623782675551,0.7497437211686314,1.1291848617176128,-1
1092,23,2394,1330,455,230,326,79,265,450,2303,254,1888,298,93,5414,0.9619883040935673,2.261487050960735,1.6409756097560975,-1
1093,18,7970,1116,129,180,280,87,645,561,2934,1707,551,106,388,4043,0.36813048933500625,0.5072772898368884,1.1391534391534393,-1
1094,19,2097,1460,144,499,32,67,317,134,894,4787,1206,247,245,4351,0.4263233190271817,2.0748688602765855,1.264966163456533,-1
1098,18,3187,1743,240,466,310,85,453,614,2294,3742,111,149,334,4505,0.7197991841857546,1.4135550674615627,0.8493431855500821,-1
1099,25,2072,1396,526,125,351,60,190,558,2628,2035,1096,263,32,4597,1.2683397683397684,2.2186293436293436,1.1766098484848484,-1
1100,24,7671,1560,417,226,113,28,1914,379,534,1967,93,287,31,5048,0.06961282753226437,0.6580628340503194,0.29735286558725266,-1
1107,18,6561,956,466,203,399,91,818,139,2333,182,1932,242,283,5529,0.3555860387136107,0.8427069044352995,1.4683035714285715,-1
1110,19,4157,353,330,357,123,77,131,664,653,2137,1730,247,156,4168,0.15708443589126775,1.0026461390425787,4.12039312039312,-1
1114,26,3037,1664,169,312,235,83,1823,545,2198,4822,1192,193,338,6554,0.7237405334211393,2.1580507079354625,0.7926695842450766,-1
1117,25,4637,666,434,405,391,11,691,88,2871,2449,227,64,150,3127,0.6191503127021781,0.6743584213931422,0.7459519821328866,-1
1118,24,1597,1594,540,449,351,98,1122,410,2504,4937,1068,172,288,6092,1.5679398872886663,3.8146524733876017,0.871007371007371,-1
1120,23,7499,1928,108,238,384,79,1057,35,1629,2886,1997,48,81,5955,0.21722896386184826,0.7941058807841046,0.9253152279340446,-1
1122,22,6232,372,487,367,108,81,581,587,1611,4292,1641,92,384,4700,0.25850449293966626,0.7541720154043645,2.263888888888889,-1
1125,18,6183,1159,104,74,235,27,783,579,545,1637,487,122,370,3940,0.08814491347242438,0.6372311175804626,0.9257086999022482,-1
1126,25,1843,342,503,315,387,63,1082,267,2260,4728,1501,239,274,4973,1.2262615301139446,2.6983179598480738,1.5806953814218994,-1
1127,19,6913,676,442,167,322,10,180,292,935,4670,475,292,192,3048,0.13525242297121365,0.4409084333863735,1.3482280431432974,-1
1128,20,7575,1364,225,193,191,70,18,642,854,4082,1017,296,328,4344,0.11273927392739273,0.5734653465346534,1.7031736154324828,-1
1135,22,6555,450,399,197,338,17,174,67,2476,1836,1962,196,65,3865,0.37772692601067887,0.589626239511823,2.7781036168132944,-1
1141,18,7497,1898,194,203,299,19,1426,23,1122,4042,1946,185,68,6261,0.14965986394557823,0.8351340536214485,0.7797043774872087,-1
1142,24,6479,1036,234,139,324,87,1341,63,2458,375,100,271,42,3637,0.379379533878685,0.5613520605031641,0.39295289161240904,-1
1144,20,7274,368,246,248,282,50,348,573,276,256,1107,209,286,3717,0.0379433599120154,0.5109980753368161,2.863825363825364,-1
1147,19,7722,1101,258,170,79,14,579,416,1700,893,1662,86,107,4472,0.22015022015022015,0.5791245791245792,1.307533539731682,-1
1150,22,2281,360,540,112,246,40,281,485,2156,3223,254,290,172,2780,0.9451994739149496,1.2187637001315212,1.3539373412362405,-1
1155,24,6042,630,194,51,98,49,891,88,2955,4751,582,213,185,2981,0.4890764647467726,0.4933796756041046,0.7381924198250729,-1
1168,25,6797,618,243,147,96,20,248,120,1848,2216,151,188,357,2188,0.27188465499485065,0.32190672355450933,0.9729486023444545,-1
1169,18,7046,888,115,285,170,99,234,115,1976,1707,1434,154,129,3623,0.28044280442804426,0.5141924496168039,1.9288601455133387,-1
1173,18,7911,1132,514,353,37,13,1417,415,1778,2568,1689,159,133,5862,0.2247503476172418,0.7409935532802427,0.9138099902056807,-1
1175,20,1507,902,187,115,208,27,1291,548,896,4435,1681,10,294,5263,0.5945587259455872,3.4923689449236894,1.211344537815126,-1
1177,26,1975,793,494,136,38,89,631,638,2124,3573,1219,253,105,4396,1.0754430379746835,2.2258227848101266,1.2919708029197081,-1
1180,26,1984,1396,103,328,139,82,1276,312,2568,3924,1075,257,218,5186,1.2943548387096775,2.6139112903225805,0.8688288288288288,-1
1182,26,6154,689,509,303,53,40,121,627,1775,1176,904,10,220,3476,0.2884302892427689,0.5648358791030225,1.6353297952994692,-1
1184,23,3785,594,405,429,215,69,9,532,2615,3720,1264,182,56,3755,0.6908850726552179,0.9920739762219286,2.7251984126984126,-1
1185,21,6723,1692,495,179,349,12,1822,199,2860,4880,1076,97,222,6143,0.4254053250037186,0.9137289900342109,0.5323023197804939,-1
1193,22,1758,1069,146,345,241,87,1753,291,1881,3708,1607,160,65,5764,1.0699658703071673,3.27872582480091,0.9420485175202157,-1
1194,27,1782,744,575,371,388,73,752,24,438,1707,526,184,187,3824,0.24579124579124578,2.1459034792368126,0.846450989859971,-1
1196,26,3398,662,205,127,26,33,463,238,2970,1318,1569,266,65,3654,0.874043555032372,1.0753384343731607,1.7473684210526317,-1
1203,27,7511,1575,118,241,40,74,79,673,1479,660,1862,124,284,5070,0.1969111969111969,0.6750099853548129,1.8611738148984198,-1
1204,24,2187,1942,509,405,197,13,1802,441,1583,1403,810,66,41,6226,0.7238225880201189,2.846822130772748,0.4639078297672231,-1
1206,27,2112,1658,395,67,292,10,901,642,2949,303,180,281,210,4636,1.3963068181818181,2.195075757575758,0.5693974272173324,-1
1213,26,7143,1508,294,100,156,90,201,204,1474,3119,264,213,62,3092,0.20635587288254234,0.4328713425731485,0.5436844732900649,-1
1217,18,2074,555,281,311,122,30,1471,89,2188,2849,1455,27,304,4645,1.0549662487945999,2.239633558341369,1.0134373645426962,-1
1219,22,6608,1896,404,204,276,18,318,641,2850,4965,1344,28,63,5192,0.4312953995157385,0.7857142857142857,0.9831932773109243,-1
1221,19,2169,1121,485,156,217,84,1057,663,816,3459,1765,125,282,5955,0.37621023513139695,2.7455048409405256,1.236199774690199,-1
1223,18,2783,1287,281,353,245,10,265,462,2691,989,1514,289,73,4779,0.9669421487603306,1.7172116421128278,1.607201309328969,-1
1225,22,2625,1452,183,492,45,86,723,156,2621,937,128,134,65,3464,0.9984761904761905,1.3196190476190477,0.46904156064461405,-1
1229,22,1746,1233,195,241,321,95,1700,190,2283,3345,1787,235,80,6077,1.3075601374570447,3.4805269186712486,0.9427749360613811,-1
1230,25,5211,420,480,436,274,46,412,494,2631,4130,63,166,185,2976,0.5048934945308002,0.5710995970063327,1.2682926829268293,-1
1232,18,7774,1937,543,118,50,87,1035,148,1435,3743,295,80,170,4463,0.184589657833805,0.5740931309493182,0.26970128022759604,-1
1239,25,1726,1159,141,142,275,80,1401,478,1171,3273,68,94,351,4189,0.6784472769409038,2.4269988412514483,0.5509070714550166,-1
1241,23,1764,541,520,203,128,57,267,635,2231,3865,1333,138,102,3924,1.2647392290249433,2.2244897959183674,1.9548192771084338,-1
1242,22,2895,754,345,454,210,83,1940,586,642,3029,1749,15,284,6420,0.22176165803108808,2.2176165803108807,1.1125370187561698,-1
1245,27,2145,602,121,426,206,30,569,584,2667,4576,1489,125,238,4390,1.2433566433566434,2.046620046620047,2.3978328173374615,-1
1247,21,7014,1918,567,471,135,22,1973,681,1012,1661,408,17,317,6509,0.1442828628457371,0.9280011405759909,0.4600717810677434,-1
1254,27,6845,1767,259,63,339,86,1497,85,966,1327,1449,19,329,5893,0.14112490869247626,0.8609203798392988,0.672722111836503,-1
1258,26,6071,1858,111,413,105,39,58,570,679,2562,327,153,373,4007,0.11184318893098337,0.660023060451326,0.9768130241736557,-1
1259,25,3321,1988,523,168,72,66,1274,187,2504,4163,161,27,331,4797,0.7539897621198434,1.4444444444444444,0.2673712021136063,-1
1260,18,2485,576,172,287,367,58,1870,61,1542,3317,1916,80,119,5506,0.620523138832998,2.2156941649899395,1.1031321619556913,-1
1261,18,5579,360,175,83,374,57,85,123,797,2436,1546,184,164,3151,0.14285714285714285,0.5647965585230328,4.082258064516129,-1
1263,25,7799,351,300,59,286,58,389,539,2590,3996,737,257,63,3039,0.33209385818694703,0.3896653417104757,1.9221153846153847,-1
1266,24,1689,843,325,194,106,74,855,129,1991,2394,192,213,268,3199,1.1788040260509176,1.8940201302545885,0.5813148788927336,-1
1267,20,7036,866,275,495,34,21,148,229,669,4004,1105,132,188,3493,0.0950824332006822,0.4964468447981808,1.7098525989138866,-1
1268,20,2480,1712,375,272,120,78,582,68,2987,666,230,67,149,3653,1.2044354838709677,1.4729838709677419,0.36867740726863996,-1
1269,19,3198,1871,138,420,184,97,120,134,2064,4163,628,210,38,3840,0.6454033771106942,1.200750469043152,0.8036636918741193,-1
1273,19,7950,613,534,53,383,34,765,698,804,1374,1309,243,20,4652,0.10113207547169811,0.5851572327044026,1.4330543933054394,-1
1276,18,6933,396,507,403,290,12,1332,355,2098,1353,682,264,21,4262,0.3026107024376172,0.6147410933217943,0.9069351230425056,-1
1277,18,2598,1180,510,155,263,58,58,86,131,2928,324,232,269,3135,0.050423402617398,1.2066974595842956,0.7934782608695652,-1
1283,20,4409,408,384,246,109,82,785,618,2417,394,241,110,389,3372,0.5481968700385575,0.7647992742118395,1.1382371591629676,-1
1284,25,2430,846,114,68,390,65,1250,622,1536,1168,1366,112,331,5164,0.6320987654320988,2.125102880658436,1.3366515837104072,-1
1286,18,2223,961,200,61,213,69,1649,233,1698,197,1403,195,192,5176,0.7638326585695007,2.3283850652271707,0.8419928825622776,-1
1291,25,6078,386,379,441,293,85,1341,107,191,2504,325,46,357,3760,0.03142481079302402,0.6186245475485357,0.785375118708452,-1
1292,26,2435,764,504,174,69,69,565,682,1943,1276,1795,210,68,4900,0.7979466119096509,2.0123203285420943,1.6732133115111838,-1
1293,19,3795,375,493,356,137,29,398,195,284,4167,700,58,366,3107,0.07483530961791832,0.8187088274044796,1.4541864139020537,-1
1294,26,1655,770,209,316,221,59,1732,445,827,4318,1671,284,24,5731,0.49969788519637465,3.4628398791540786,1.1139800811508669,-1
1299,24,7279,756,497,378,97,77,1922,489,444,3016,1928,20,205,6369,0.06099738975133947,0.8749828273114438,1.0059842519685038,-1
1300,18,5719,1608,261,51,94,90,1470,369,1542,2054,1906,210,111,6170,0.26962755726525617,1.078859940549047,0.8478586403114705,-1
1301,24,7644,1562,227,57,314,59,802,145,1319,4283,616,12,311,4105,0.17255363683935113,0.5370225013082156,0.584330374372829,-1
1305,27,2139,1881,553,358,34,24,1531,364,1595,3086,305,261,288,5599,0.7456755493221131,2.6175783076203833,0.41210592686002523,-1
1307,22,3102,794,272,59,67,89,1809,39,2871,629,280,98,397,3904,0.925531914893617,1.2585428755641521,0.35791304347826086,-1
1308,24,1941,1947,519,261,105,20,889,580,1386,774,1570,118,384,6393,0.714064914992272,3.2936630602782073,0.9055141579731744,-1
1309,26,7540,1368,121,161,168,29,243,666,1629,359,1210,117,367,4450,0.21604774535809018,0.5901856763925729,1.569284064665127,-1
1311,25,7425,1570,226,341,391,73,1952,579,2659,1343,1528,61,75,6796,0.3581144781144781,0.9152861952861953,0.8132337246531484,-1
1312,19,7786,1939,435,411,325,89,959,496,1977,1969,1986,121,320,7081,0.25391728743899306,0.9094528641150783,1.1245124512451246,-1
1314,19,7870,749,455,63,160,97,815,22,2009,2899,1697,198,204,4460,0.25527318932655657,0.5667090216010165,1.20901436354631,-1
1315,21,2836,784,539,289,88,97,1447,35,2723,934,1558,218,73,5128,0.9601551480959097,1.8081805359661496,0.8512635379061372,-1
1316,24,5200,945,316,487,279,82,272,625,2869,1986,1893,74,56,5029,0.5517307692307692,0.9671153846153846,2.2804957599478146,-1
1317,20,2448,919,195,291,353,95,1959,377,1435,4996,195,71,230,4685,0.5861928104575164,1.9138071895424837,0.5245688252521965,-1
1318,19,4873,1341,516,391,28,85,1670,665,1297,376,1106,267,312,6381,0.266160476092756,1.3094602914016007,0.8091862772894811,-1
1319,27,7615,1929,528,198,140,26,1848,152,2578,3560,309,143,289,5562,0.33854235062376886,0.7304005252790545,0.29198606271777006,-1
1322,25,1892,588,117,216,168,24,1396,563,200,2654,314,219,247,3852,0.10570824524312897,2.035940803382664,0.8334126606377915,-1
1334,21,2877,414,203,93,86,41,585,76,2368,2553,983,121,58,2660,0.8230795968022245,0.9245742092457421,1.2129783693843594,-1
1336,26,1641,973,561,93,31,70,459,387,2291,4389,177,238,229,3218,1.3960999390615478,1.9609993906154783,0.6146512794781737,-1
1339,27,2339,1334,305,495,277,83,1327,393,1973,1039,622,147,72,5055,0.8435228730226593,2.1611799914493375,0.7043155765340526,-1
1342,20,7161,1882,499,194,241,13,1907,298,943,4229,940,24,340,6338,0.13168551878229298,0.8850719173299818,0.4780783582089552,-1
1344,19,5417,1450,592,291,161,98,1657,32,2984,3597,999,99,283,5662,0.5508584087133099,1.0452279859700941,0.530683968640173,-1
1346,19,2095,417,241,457,345,84,1738,575,2053,1089,1099,70,130,5156,0.9799522673031026,2.4610978520286397,1.1519198664440735,-1
1347,20,3404,1705,416,100,390,93,1990,636,1290,4575,1156,229,62,6777,0.3789659224441833,1.9908930669800236,0.6485040136219898,-1
1348,24,1780,711,298,315,363,45,1052,179,850,4958,413,70,357,3803,0.47752808988764045,2.136516853932584,0.8452207666181465,-1
1349,21,1923,1987,145,169,281,63,713,173,2396,458,1440,175,257,5403,1.2459698387935518,2.8096723868954756,0.8991212653778559,-1
1350,18,5865,1907,387,249,302,63,1116,200,874,4721,1133,21,398,5776,0.14901960784313725,0.9848252344416027,0.693841642228739,-1
1352,26,3250,1832,143,297,363,84,867,199,1480,2007,1708,86,23,5602,0.4553846153846154,1.7236923076923076,0.9711470795214637,-1
1354,26,3467,1498,268,390,395,31,329,187,2967,4527,838,121,368,4425,0.8557830977790597,1.2763195846553217,1.1121718377088305,-1
1355,27,5588,1612,409,106,299,52,1746,233,818,1003,1959,75,369,6860,0.1463851109520401,1.227630637079456,0.8210777807273693,-1
1357,24,4446,1804,143,88,309,46,94,35,2171,2114,1867,213,192,4791,0.48830409356725146,1.0775978407557354,1.3473787359137677,-1
1359,22,6894,494,360,492,66,44,648,139,1105,2143,510,295,22,3070,0.1602843051929214,0.4453147664635915,1.043941411451398,-1
1360,18,3831,629,208,67,222,13,1772,272,1469,4310,1877,114,297,5471,0.3834507961367789,1.4280866614460976,1.096972019931008,-1
1361,18,6575,474,382,489,233,89,352,79,1501,2241,713,251,75,3137,0.22828897338403042,0.4771102661596958,1.5968543046357615,-1
1362,20,3720,1301,471,269,265,89,929,285,2669,4980,1969,244,293,6115,0.7174731182795699,1.6438172043010753,1.2639763050721955,-1
1366,19,6994,1822,478,353,63,90,1670,612,2917,3970,707,244,178,6217,0.4170717758078353,0.8889047755218759,0.5659949622166247,-1
1368,26,3031,1057,434,332,332,35,1042,562,1662,4650,1920,162,99,5975,0.5483338832068624,1.9712966017815903,1.3588630082905646,-1
1372,18,2643,504,386,475,218,37,1522,567,2265,372,77,241,218,4245,0.8569807037457434,1.6061293984108966,0.7599502487562189,-1
1373,26,2433,859,454,81,181,74,138,151,108,2926,185,193,78,2394,0.04438964241676942,0.9839704069050554,0.6498966230186078,-1
1375,21,7448,544,575,331,182,52,715,151,122,4930,454,41,326,3371,0.016380236305048337,0.4526047261009667,0.8380588876772083,-1
1378,22,1785,1224,537,328,61,26,1833,646,1708,941,1578,207,73,6513,0.9568627450980393,3.6487394957983192,0.8121869782971619,-1
1379,23,1764,594,289,275,303,49,1548,320,2174,3914,1314,36,356,5084,1.2324263038548753,2.8820861678004537,1.0913204442616207,-1
1383,19,7273,316,496,431,239,18,1481,256,191,4053,1301,75,222,4835,0.026261515193180256,0.6647875704661075,1.108591365023986,-1
1387,21,4548,604,232,281,137,89,91,603,399,4146,83,82,285,2487,0.08773087071240106,0.5468337730870713,1.6828478964401294,-1
1390,23,1540,1637,425,307,119,81,36,249,1577,4983,1268,219,102,4443,1.024025974025974,2.885064935064935,1.1177311725452812,-1
1392,20,1567,1426,194,224,324,51,1787,408,1100,4945,1913,222,345,6894,0.7019783024888322,4.399489470325463,1.0234810683886117,-1
1393,27,2487,1120,377,466,373,86,139,282,1182,3966,1381,142,179,4545,0.4752714113389626,1.827503015681544,1.778117359413203,-1
1395,26,7217,1897,528,275,347,90,1916,84,2900,626,765,56,195,6153,0.401829014826105,0.8525703200775946,0.4174153420870767,-1
1396,27,5508,828,424,133,122,97,679,284,2489,2726,299,31,32,2929,0.4518881626724764,0.5317719680464779,0.5168306576903159,-1
1402,23,2585,840,311,159,26,18,1894,495,1851,2163,1407,268,54,5472,0.7160541586073501,2.1168278529980658,0.7970443349753694,-1
1404,22,3193,715,442,137,111,63,136,348,2975,1853,174,11,309,2446,0.9317256498590667,0.7660507359849671,0.8917246713070379,-1
1407,18,2278,1467,522,79,72,70,341,362,1829,181,180,197,253,3543,0.8028972783143108,1.5553116769095698,0.5206008583690988,-1
1408,26,6089,324,594,221,261,96,1582,386,1427,1513,1635,233,30,5362,0.2343570372803416,0.880604368533421,1.1448,-1
1412,18,2160,1416,512,485,26,40,1835,35,923,3607,951,116,43,5459,0.4273148148148148,2.527314814814815,0.4507042253521127,-1
1415,19,2799,635,115,243,216,89,242,258,1946,4244,781,290,73,2942,0.6952483029653448,1.0510896748838872,1.965725806451613,-1
1420,20,7524,929,292,480,269,57,706,472,135,2281,1676,197,390,5468,0.017942583732057416,0.7267410951621478,1.8375713544369485,-1
1423,26,2476,1736,536,138,399,62,1402,638,1834,3986,1246,270,77,6504,0.7407108239095315,2.626817447495961,0.7702776265650517,-1
1427,19,4636,728,293,259,208,99,1849,699,1285,3545,1946,265,165,6511,0.2771786022433132,1.4044434857635892,1.2686411149825785,-1
1428,26,6627,1198,512,278,385,15,145,613,1862,222,990,27,278,4441,0.2809717821035159,0.6701373170363664,1.3940700808625337,-1
1429,25,1842,438,439,399,309,58,322,585,1044,863,217,193,171,3131,0.5667752442996743,1.6997828447339849,1.6113427856547122,-1
1430,20,2947,1241,425,324,381,82,121,31,1611,4625,417,296,281,3599,0.5466576179165252,1.2212419409569053,1.0139899272523782,-1
1432,20,5159,356,128,328,28,90,1878,184,2122,2304,1998,290,361,5641,0.41132002326032174,1.0934289591006008,1.3882303132938187,-1
1434,19,2026,957,534,359,134,32,310,538,329,1159,1950,17,190,5021,0.16238894373149063,2.4782823297137218,1.7878956135480288,-1
1435,27,3396,734,260,257,229,63,600,97,2517,1842,629,202,398,3469,0.741166077738516,1.0214958775029446,1.1762860727728983,-1
1436,26,6254,683,230,370,60,78,474,453,277,443,1443,16,216,4023,0.044291653341861206,0.6432683082826991,1.9005046863734678,-1
1438,26,6415,493,262,329,192,45,1515,633,2715,4669,1669,28,322,5488,0.4232268121590023,0.8554949337490257,1.4176211453744494,-1
1439,22,1905,1971,296,83,253,12,574,96,1713,4436,999,148,104,4536,0.8992125984251969,2.3811023622047243,0.5966209081309398,-1
1441,25,3073,817,463,441,391,97,819,101,1863,1280,256,20,321,3726,0.60624796615685,1.2124959323137,0.7751310147689376,-1
1444,22,5240,484,208,161,300,26,381,615,181,3637,1902,189,235,4501,0.03454198473282443,0.858969465648855,3.194780987884436,-1
1446,19,5727,1658,172,459,138,99,71,48,2909,99,178,205,135,3163,0.5079448227693383,0.5522961410860835,0.6638611257233035,-1
1449,22,3895,1124,342,62,46,54,932,521,2363,4245,84,125,53,3343,0.6066752246469833,0.8582798459563543,0.3940783986655546,-1
1450,18,2271,1372,374,388,123,85,1117,465,2437,2737,868,159,39,4990,1.0730955526199912,2.1972699251431087,0.7429269996507161,-1
1451,19,7025,984,201,334,93,10,1396,647,544,1607,248,127,227,4267,0.07743772241992883,0.6074021352313167,0.6532351801627276,-1
1452,25,7719,381,574,308,210,30,338,509,1022,2953,1886,174,181,4591,0.13240057002202357,0.594766161419873,2.5506573859242074,-1
1453,20,2078,1133,272,139,343,92,1460,447,2699,3981,126,261,318,4591,1.2988450433108758,2.2093358999037536,0.6024432809773124,-1
1456,25,1693,634,496,235,303,91,1515,110,388,4682,575,190,390,4539,0.22917897223862965,2.681039574719433,0.7160680529300567,-1
1460,18,4498,622,575,435,259,53,1382,575,1934,855,287,22,90,4300,0.42996887505558024,0.9559804357492219,0.6673129119813881,-1
1461,23,6980,302,151,157,358,41,573,175,2070,2146,1353,101,103,3314,0.29656160458452724,0.4747851002865329,2.230019493177388,-1
1462,25,3292,505,210,205,305,19,1277,21,2928,4925,1650,255,228,4675,0.8894289185905225,1.4201093560145808,1.3468875502008033,-1
1463,20,2610,339,536,131,41,73,965,376,995,1386,1505,276,278,4520,0.38122605363984674,1.7318007662835249,1.4565217391304348,-1
1471,23,2229,1445,397,65,126,13,510,94,2487,1248,729,86,366,3831,1.1157469717362045,1.7187079407806192,0.6288265306122449,-1
1474,27,4951,395,214,303,398,76,983,606,411,3227,1896,144,98,5113,0.0830135326196728,1.0327206624924257,2.211683417085427,-1
1475,26,5957,1737,125,237,241,83,458,348,2880,3138,1904,151,376,5660,0.4834648312909183,0.9501426892731241,1.4396551724137931,-1
1478,27,3144,1385,176,320,386,32,340,598,2447,1617,404,264,69,3974,0.7783078880407125,1.2639949109414759,1.0904786954234613,-1
1480,22,6462,860,236,54,368,10,217,183,2316,660,896,299,114,3237,0.3584029712163417,0.5009285051067781,1.4653465346534653,-1
1482,19,1641,647,539,357,221,73,815,474,2908,319,608,110,370,4214,1.7720901889092018,2.5679463741620965,1.1059470264867566,-1
1485,24,7471,1805,138,230,202,10,730,273,301,3600,1304,145,349,5186,0.040289117922634184,0.6941507161022621,0.9401421623643846,-1
1486,19,7443,616,534,415,219,12,463,207,1792,581,1381,289,241,4377,0.24076313314523715,0.5880693268843208,1.713577185368878,-1
1487,18,7308,1827,367,227,376,76,246,210,563,3696,1731,76,375,5511,0.07703886152162014,0.7541050903119869,1.258606557377049,-1
1491,19,2825,1459,561,176,25,98,1054,105,893,4206,1864,299,289,5930,0.31610619469026546,2.0991150442477875,0.9290826284970722,-1
1493,20,2713,549,253,89,146,70,558,637,2016,757,712,274,176,3464,0.7430888315517877,1.2768153335790637,1.5470588235294118,-1
1494,23,2659,613,141,461,123,99,1669,550,1873,282,70,72,46,3844,0.7044001504324934,1.4456562617525386,0.5864630623194387,-1
1495,20,6150,1691,510,465,256,13,107,66,630,4896,1327,275,104,4814,0.1024390243902439,0.7827642276422764,1.08578856152513,-1
1496,24,5999,1752,110,404,174,23,583,84,664,130,113,147,28,3418,0.11068511418569761,0.569761626937823,0.3979550102249489,-1
1500,22,1840,1823,374,277,59,12,820,85,1048,1548,211,130,98,3889,0.5695652173913044,2.1135869565217393,0.2890288365926417,-1
1505,19,6982,1864,329,60,76,30,1864,113,1204,2664,629,231,350,5546,0.17244342595244916,0.7943282727012317,0.36701996549174265,-1
1507,18,7876,882,525,75,117,94,255,152,648,58,1032,219,294,3645,0.08227526663280853,0.462798374809548,1.1931407942238268,-1
1509,18,6963,1588,164,470,395,50,779,360,253,2614,1988,98,207,6099,0.036334913112164295,0.8759155536406721,1.409719478467009,-1
1514,27,3312,700,151,286,103,69,552,178,2521,84,1176,265,99,3579,0.7611714975845411,1.0806159420289856,1.5509622238061298,-1
1516,19,5142,1026,530,473,300,74,156,680,898,3797,626,136,329,4330,0.17464021781408012,0.8420847919097627,1.5292056074766356,-1
1517,19,1682,1290,475,200,342,70,1477,622,710,2674,1207,283,36,6002,0.4221165279429251,3.568370986920333,0.851326341764343,-1
1522,18,3017,789,423,117,297,87,1047,699,371,4224,128,223,233,4043,0.12296983758700696,1.3400729201193238,0.7897299690128375,-1
1524,20,2856,1793,495,385,195,23,1423,290,2573,3190,1555,188,26,6373,0.9009103641456583,2.2314425770308124,0.7173268660738346,-1
1525,27,3674,1897,253,208,27,53,947,133,2193,4787,561,233,30,4342,0.5968971148611867,1.1818181818181819,0.40200193735873424,-1
1531,18,1518,353,216,139,57,48,481,681,1532,3787,802,241,73,3091,1.0092226613965745,2.036231884057971,1.9438095238095239,-1
1536,21,7632,1363,307,58,315,79,848,29,1196,1663,221,17,268,3505,0.15670859538784068,0.4592505241090147,0.39197776012708496,-1
1537,19,2632,1560,476,61,53,40,397,205,183,556,918,102,146,3958,0.06952887537993921,1.5037993920972645,0.6267981915330867,-1
1542,25,7746,1015,153,333,180,86,1244,190,1452,4852,1895,82,141,5319,0.18745158791634392,0.6866769945778466,1.205223880597015,-1
1546,23,6454,1530,359,415,393,83,1720,591,779,4744,1463,265,33,6852,0.12070034087387667,1.0616671831422373,0.8985868661679135,-1
1547,20,1673,1659,174,275,240,50,718,619,302,1409,297,57,323,4412,0.18051404662283324,2.6371787208607294,0.7295178361426892,-1
1548,26,6962,892,579,382,28,86,465,46,1229,3646,1975,288,48,4789,0.17652973283539214,0.6878770468256248,1.4736570247933884,-1
1549,22,5241,813,404,152,308,12,98,87,417,1330,101,207,69,2251,0.0795649685174585,0.4294981873688227,0.711787072243346,-1
1550,20,4552,1501,106,155,132,68,1265,427,1305,4723,64,167,259,4144,0.2866871704745167,0.9103690685413005,0.4428969359331476,-1
1551,18,2226,695,465,414,224,61,157,571,1738,2054,1397,16,302,4302,0.7807726864330637,1.9326145552560647,2.266514806378132,-1
1553,23,7306,1157,110,107,360,58,553,93,505,1842,1185,241,371,4235,0.06912127018888585,0.5796605529701615,1.3269230769230769,-1
1555,20,7277,957,537,124,285,92,1818,699,778,9,1945,107,156,6720,0.10691218908891026,0.923457468737117,1.0289855072463767,-1
1556,18,5533,1641,588,91,281,96,919,281,1370,2609,56,277,346,4576,0.247605277426351,0.827037773359841,0.4536213468869123,-1
1557,26,6943,1035,314,471,267,22,226,387,1989,121,1636,69,355,4782,0.2864755869220798,0.6887512602621345,2.0361904761904763,-1
1561,26,1919,804,127,120,84,69,529,397,1545,440,1521,172,283,4106,0.805106826472121,2.139656070870245,1.8123287671232877,-1
1562,18,2093,538,334,105,295,80,1612,680,934,2749,1438,69,277,5428,0.4462494027711419,2.5934065934065935,1.1851851851851851,-1
1564,25,3959,977,412,249,258,72,1495,638,2455,1368,1995,85,199,6380,0.620106087395807,1.611518060116191,1.2122052704576975,-1
1565,19,2435,1545,125,150,321,95,370,672,1768,1989,1771,252,205,5506,0.7260780287474332,2.2611909650924025,1.6990196078431372,-1
1567,24,6732,1452,153,356,388,32,651,28,2653,3773,1677,199,396,5332,0.39408793820558524,0.792038027332145,1.3634751773049645,-1
1569,22,1831,984,566,220,214,69,733,649,2822,2415,1086,297,112,4930,1.541234298197706,2.6925177498634625,1.1594393342093736,-1
1573,21,5506,1222,433,448,236,16,171,582,707,1576,764,94,324,4290,0.12840537595350526,0.7791500181620051,1.3493975903614457,-1
1574,26,7389,1167,134,310,30,78,1627,583,582,114,1726,191,376,6222,0.07876573284612262,0.8420625253755583,1.125,-1
1578,21,1701,1760,550,356,72,13,1387,388,291,4941,106,32,349,5013,0.1710758377425044,2.947089947089947,0.3559642953746281,-1
1579,26,3997,1274,307,59,237,43,178,64,2935,3373,431,251,380,3224,0.7343007255441582,0.8066049537152865,0.8328595793064241,-1
1582,23,3496,1803,599,400,379,78,876,638,2663,3846,1895,154,245,7067,0.7617276887871853,2.0214530892448512,1.1558877364246491,-1
1585,22,5805,1663,178,341,272,10,1042,376,221,1549,324,200,394,4800,0.03807062876830319,0.8268733850129198,0.6649323621227887,-1
1586,19,6158,639,209,330,305,13,1618,81,2796,1359,1768,299,287,5549,0.4540435206235791,0.901104254628126,1.2502027575020276,-1
1588,25,7159,460,534,147,310,63,370,441,1575,4224,1910,121,210,4566,0.22000279368626904,0.6377985752200028,2.3475073313782993,-1
1589,18,2270,1863,457,469,352,99,1800,652,158,510,93,223,44,6052,0.06960352422907488,2.666079295154185,0.46893203883495144,-1
1595,26,3128,1192,343,476,327,30,1018,134,1905,824,1826,295,130,5771,0.6090153452685422,1.8449488491048593,1.2604778691735214,-1
1596,18,7297,704,521,468,99,54,220,140,498,64,1227,168,99,3700,0.06824722488693984,0.5070576949431274,1.560553633217993,-1
1597,23,1886,907,419,112,154,99,919,544,2662,4928,286,281,343,4064,1.4114528101802757,2.154825026511135,0.8102449888641425,-1
1598,26,7531,1998,186,170,41,96,303,435,2952,4710,942,210,159,4540,0.39197981675740273,0.6028415881025097,0.8254925613188581,-1
1605,26,5863,1540,596,478,26,82,1580,120,1769,4523,1293,227,253,6195,0.3017226675763261,1.0566263005287395,0.6671151776103337,-1
1606,23,3966,355,268,483,147,12,380,341,1650,1486,87,146,259,2478,0.41603630862329805,0.6248108925869894,1.4705882352941178,-1
1607,23,3782,665,429,256,74,99,985,85,535,4681,703,236,353,3885,0.1414595452141724,1.0272342675832893,0.8686868686868687,-1
1608,21,3356,1827,237,77,250,18,13,576,939,3298,1504,53,363,4918,0.27979737783075087,1.4654350417163289,1.3678382282137698,-1
1609,18,3498,754,540,219,381,60,742,618,459,4470,1983,29,73,5399,0.1312178387650086,1.543453401943968,1.6517681728880158,-1
1611,25,2736,376,595,125,259,97,499,598,963,92,1276,243,280,4348,0.3519736842105263,1.5891812865497077,1.9578231292517008,-1
1613,18,5644,1581,405,118,251,12,1414,278,1750,1840,1879,92,142,6172,0.3100637845499646,1.0935506732813607,0.8152941176470588,-1
1617,26,7124,1192,260,216,394,11,491,363,1015,1416,174,37,58,3196,0.14247613700168443,0.44862436833239755,0.6448790530108081,-1
1618,18,3319,1873,100,401,311,80,1573,36,2739,2964,1911,261,384,6930,0.8252485688460379,2.0879783067188913,0.9543147208121827,-1
1621,23,2630,1599,287,417,164,98,1219,213,2901,1413,833,184,151,5165,1.103041825095057,1.9638783269961977,0.6634460547504025,-1
1623,19,4158,598,103,396,160,31,299,394,1426,3744,1600,189,340,4110,0.34295334295334295,0.9884559884559885,3.11,-1
1625,24,1874,1098,231,468,133,42,546,388,1685,663,514,212,56,3688,0.8991462113127001,1.967982924226254,0.9669333333333333,-1
1629,19,5205,757,100,472,251,48,601,372,2891,3490,770,211,228,3810,0.5554274735830932,0.7319884726224783,1.6131687242798354,-1
1630,27,6649,1774,170,139,52,93,1331,411,803,1571,1454,151,106,5681,0.12077004060761017,0.8544141976237029,0.7346564885496183,-1
1633,25,3389,1998,556,343,159,18,767,541,963,3238,215,180,32,4809,0.2841546178813809,1.4190026556506343,0.4480578139114724,-1
1636,26,3742,1723,107,181,42,11,936,194,1398,98,1912,284,394,5784,0.37359700694815606,1.5456974879743453,1.0911062906724511,-1
1642,25,1859,1216,343,435,352,77,607,55,2075,4585,1447,198,68,4798,1.1161915008068855,2.5809575040344273,1.2151431209602954,-1
1643,25,3541,798,222,98,104,93,25,526,116,578,1743,80,399,4088,0.03275910759672409,1.1544761366845524,2.911961722488038,-1
1644,19,2641,1249,398,281,128,12,1646,252,575,3959,1436,272,205,5879,0.21772056039379023,2.226050738356683,0.7853021560886729,-1
1651,23,4480,1738,512,97,160,17,1914,624,1653,4911,1162,82,306,6612,0.3689732142857143,1.4758928571428571,0.5878962536023055,-1
1652,27,1506,761,115,100,175,90,4,486,1331,413,954,111,343,3139,0.8837981407702523,2.0843293492695882,2.5670454545454544,-1
1654,26,3091,413,146,147,364,36,1183,614,1967,4526,1377,78,269,4627,0.6363636363636364,1.4969265609835005,1.656142365097589,-1
1655,27,6428,1756,350,488,390,54,207,352,2669,4990,1341,74,312,5324,0.41521468574984444,0.8282514001244555,1.301772589710333,-1
1658,24,4719,506,359,429,346,99,1790,40,998,40,291,29,319,4208,0.21148548421275695,0.8917143462598008,0.5849340866290019,-1
1659,26,7406,1558,520,129,86,97,1973,247,1206,1859,211,250,102,5173,0.16284093977855793,0.6984877126654064,0.27696864971611945,-1
1660,20,4773,1765,116,234,81,46,10,395,2768,1332,1068,212,316,4243,0.5799287659752776,0.8889587261680285,1.2437863564251719,-1
1661,27,2413,1678,138,416,128,80,948,149,1167,3449,741,204,198,4680,0.483630335681724,1.9394944053046002,0.6931982633863966,-1
1662,20,3511,814,403,448,186,42,7,639,1606,135,858,71,317,3785,0.45741953859299345,1.0780404443178582,2.0923202614379086,-1
1663,24,2942,1531,529,76,56,40,1432,433,1767,4201,1028,116,383,5624,0.6006118286879674,1.91162474507138,0.6105383734249714,-1
1664,21,7046,1008,573,497,138,64,935,90,592,4614,567,134,225,4231,0.08401930173147885,0.6004825432869714,0.681637519872814,-1
1665,25,4554,1448,531,463,105,21,31,423,2646,1941,947,276,59,4304,0.5810276679841897,0.9451032059727712,1.1412935323383084,-1
1666,24,7098,437,138,469,71,20,539,581,704,1565,832,211,323,3621,0.09918286841363765,0.5101437024513947,2.2504488330341115,-1
1669,20,6412,367,129,418,356,41,386,356,1271,1558,1229,41,23,3346,0.19822208359326263,0.5218340611353712,2.7936507936507935,-1
1671,23,3329,1864,377,163,223,47,639,524,271,1028,1785,256,335,6213,0.0814058275758486,1.8663262240913188,1.1572916666666666,-1
1672,19,2075,682,302,291,387,69,1790,295,1686,3534,1083,270,133,5302,0.8125301204819277,2.555180722891566,0.9113193943763518,-1
1673,20,7968,318,165,173,257,95,1498,32,630,81,187,200,186,3111,0.07906626506024096,0.39043674698795183,0.5704189803129732,-1
1675,22,2429,1773,367,125,259,93,1774,243,1959,3038,955,57,125,5771,0.8065047344586249,2.3758748456154795,0.47445068983137456,-1
1676,25,5259,373,321,360,155,65,206,194,1860,4373,762,259,243,2938,0.35367940673131776,0.5586613424605438,2.2644444444444445,-1
1678,20,2963,1238,117,245,388,42,1818,621,2288,1878,457,281,270,5477,0.7721903476206547,1.8484643941950725,0.7261266939804601,-1
1679,27,4775,1988,189,400,83,19,1780,260,2593,2271,836,162,33,5750,0.5430366492146597,1.2041884816753927,0.45312105130149105,-1
1681,20,2554,1371,354,464,273,73,1640,33,257,3139,629,189,145,5171,0.10062646828504307,2.024667188723571,0.5367013372956909,-1
1683,18,3400,1154,352,392,39,71,792,416,2070,4735,1268,243,159,4886,0.6088235294117647,1.4370588235294117,1.1261966927763272,-1
1684,24,2957,950,356,295,35,77,233,450,345,3414,603,32,81,3112,0.11667230300980724,1.0524179912073046,1.022092267706303,-1
1685,18,2899,1945,482,486,164,52,1724,325,2895,3665,445,103,302,6028,0.9986202138668506,2.079337702656088,0.4521801975427608,-1
1687,27,1942,994,445,256,38,68,1005,429,2659,4270,1736,299,365,5635,1.3692070030895984,2.9016477857878478,1.305646481178396,-1
1691,21,2678,1200,489,214,200,31,1671,695,1436,347,1939,194,163,6796,0.5362210604929052,2.537714712471994,1.0226190476190475,-1
1692,21,7633,1886,169,454,368,18,175,514,2226,0,859,144,301,4888,0.29162845539106513,0.6403773090527971,1.1919282511210763,-1
1693,25,5958,1984,143,194,124,18,1677,436,268,62,1011,119,155,5861,0.04498153742866734,0.9837193689157435,0.5407465825446898,-1
1694,19,2757,1079,299,86,119,82,448,410,2957,1783,591,78,320,3512,1.0725426187885383,1.273848385926732,0.9233296823658269,-1
1696,20,3341,1436,185,452,319,26,81,647,1751,225,1036,105,359,4646,0.5240945824603412,1.39060161628255,1.7297297297297298,-1
1697,26,3809,469,118,463,351,53,134,71,2407,1042,219,128,228,2234,0.6319243896035704,0.5865056445261223,2.0984743411927878,-1
1698,21,7446,1791,200,94,98,54,1742,395,1609,844,339,283,378,5374,0.21608917539618588,0.7217297878055332,0.43959282078757034,-1
1699,27,7768,1337,501,451,92,17,855,414,1895,2680,1241,186,399,5493,0.24394953656024718,0.7071318228630278,1.0397326401782399,-1
1700,22,2410,587,194,255,195,89,1200,161,2444,4119,1417,246,142,4486,1.0141078838174273,1.8614107883817428,1.2645128722867238,-1
