ID,Income (USD),Total_Expense,Expense_to_Income_Ratio
1,7131,7319,1.0263637638479877
2,5311,8542,1.6083600075315383
3,4125,10374,2.5149090909090908
4,3882,9747,2.510819165378671
5,2941,8896,3.0248214892893572
6,4479,9759,2.1788345612860014
7,3297,6693,2.030027297543221
8,5890,9457,1.6056027164685909
9,5509,12237,2.2212742784534396
10,6350,8910,1.4031496062992126
11,2894,9360,3.234277816171389
12,5781,7595,1.3137865421207404
13,2769,10662,3.850487540628386
14,6232,9602,1.540757381258023
15,6887,9406,1.3657615797880065
16,5214,6611,1.2679324894514767
17,2029,9429,4.647116806308526
18,5123,7153,1.3962521959789187
19,7664,6112,0.7974947807933194
20,4458,6392,1.4338268281740691
21,4414,10207,2.312415043044857
22,6389,10075,1.5769290968852716
23,5091,10020,1.9681791396582204
24,3647,8522,2.3367151083081987
25,6073,11984,1.9733245512926065
26,7218,6008,0.8323635356054309
27,4869,12743,2.617169850071883
28,2439,7209,2.955719557195572
29,2025,8143,4.021234567901234
30,7977,8794,1.1024194559358154
31,1501,10903,7.263824117255163
32,1874,8475,4.5224119530416225
33,3840,8319,2.16640625
34,5505,8638,1.569118982742961
35,4552,9618,2.1129173989455183
36,6148,7960,1.2947299934938192
37,3865,5964,1.543078913324709
38,3025,10619,3.510413223140496
39,7447,7585,1.0185309520612327
40,5976,10583,1.7709170013386881
41,3146,9487,3.015575333757152
42,1513,11022,7.284864507600793
43,6099,11094,1.8189867191342843
44,3778,10298,2.725780836421387
45,7604,9546,1.255391899000526
46,4655,8121,1.7445757250268528
47,1629,8891,5.457949662369552
48,5314,9274,1.7452013549115544
49,6433,9500,1.476760453909529
50,4716,10060,2.133163698049194
51,4438,8256,1.8602974312753493
52,5428,12633,2.327376565954311
53,3540,8352,2.359322033898305
54,1527,6507,4.261296660117878
55,3613,9526,2.636590091336839
56,2752,9686,3.519622093023256
57,5856,6850,1.1697404371584699
58,3546,9283,2.6178793006204173
59,7068,11689,1.6537917374080362
60,7043,11087,1.5741871361635666
61,6055,4520,0.7464905037159373
62,5523,11230,2.033315227231577
63,5896,6408,1.0868385345997287
64,4874,6693,1.373204759950759
65,7930,9903,1.2488020176544767
66,4966,7903,1.5914216673378978
67,4581,7672,1.674743505784763
68,5278,10481,1.9857900719969686
69,2129,6837,3.2113668388914984
70,1769,8121,4.590729225551159
71,4139,6626,1.6008697753080454
72,3493,6788,1.943315201832236
73,7224,10944,1.5149501661129567
74,7397,7431,1.0045964580235232
75,4391,9591,2.1842404919152814
76,6457,8824,1.366578906612978
77,4932,9638,1.954176804541768
78,2780,7432,2.6733812949640288
79,7776,12348,1.587962962962963
80,7395,9950,1.3455037187288708
81,7302,5422,0.7425362914270063
82,3860,10418,2.698963730569948
83,2075,8516,4.104096385542169
84,7599,10535,1.386366627187788
85,2807,11672,4.158175988599929
86,4692,11241,2.3957800511508953
87,4678,8202,1.7533133817870885
88,7552,8530,1.1295021186440677
89,4234,4908,1.1591875295229097
90,7616,9990,1.3117121848739495
91,3712,9469,2.550915948275862
92,3852,10495,2.724558670820353
93,5068,9363,1.8474743488555643
94,3155,10772,3.4142630744849445
95,3079,12085,3.9249756414420265
96,7443,11780,1.582695149805186
97,3703,9167,2.475560356467729
98,2890,10262,3.550865051903114
99,3242,11532,3.557063541024059
100,3425,12299,3.590948905109489
101,2119,8361,3.9457291175082587
102,2774,6489,2.3392213410237925
103,2456,7389,3.0085504885993486
104,3439,12616,3.6685082872928176
105,5453,7584,1.390794058316523
106,3881,8361,2.1543416645194537
107,2468,8016,3.2479740680713127
108,2816,10673,3.790127840909091
109,2543,8399,3.302791977978765
110,1781,9850,5.530600786075238
111,4344,8573,1.973526703499079
112,7762,9679,1.2469724297861375
113,2558,8347,3.263096168881939
114,5793,9424,1.6267909546003798
115,4032,11250,2.7901785714285716
116,5328,9877,1.8537912912912913
117,6678,8278,1.239592692422881
118,6780,6778,0.9997050147492625
119,2508,10911,4.350478468899522
120,2729,12734,4.666178087211433
121,2535,7616,3.004339250493097
122,6085,10353,1.7013968775677897
123,1775,10085,5.68169014084507
124,4240,5362,1.264622641509434
125,3789,6101,1.6101873845341779
126,2739,5057,1.846294267981015
127,6870,7368,1.0724890829694322
128,1625,6221,3.828307692307692
129,5565,6536,1.1744833782569633
130,5812,8328,1.432897453544391
131,5368,8292,1.544709388971684
132,2708,11900,4.394387001477105
133,6842,8557,1.2506577024261911
134,4749,9042,1.9039797852179405
135,2418,4392,1.816377171215881
136,6913,8337,1.2059887169101693
137,5423,9355,1.725059929928084
138,7794,7646,0.9810110341288171
139,7257,11556,1.5923935510541547
140,5903,6270,1.0621717770625105
141,6955,7353,1.0572250179726814
142,3469,8042,2.3182473335255116
143,4293,7004,1.6314931283484742
144,2391,8610,3.6010037641154327
145,5970,10273,1.7207705192629816
146,3533,11111,3.144919332012454
147,2864,7602,2.6543296089385473
148,1628,7437,4.568181818181818
149,2514,10019,3.985282418456643
150,3299,5481,1.6614125492573506
151,6977,10962,1.5711623907123407
152,6112,10636,1.7401832460732984
153,3018,4864,1.611663353214049
154,5681,10736,1.8898081323710614
155,2698,9840,3.647146034099333
156,5373,3814,0.7098455239158756
157,7954,7559,0.9503394518481267
158,6738,9197,1.364945087563075
159,3974,7932,1.995973829894313
160,7589,5946,0.7835024377388325
161,4985,8268,1.6585757271815447
162,7757,7571,0.9760216578574191
163,5549,8714,1.5703730401874212
164,5219,7229,1.3851312511975473
165,1802,9280,5.1498335183129855
166,5452,6062,1.1118855465884079
167,6183,7602,1.2295002426006794
168,2486,7261,2.920756234915527
169,3363,11100,3.3006244424620874
170,5940,5389,0.9072390572390573
171,6409,6724,1.0491496333281323
172,7583,9178,1.2103389159963076
173,4572,8667,1.8956692913385826
174,6906,8949,1.295829713292789
175,7595,9609,1.265174456879526
176,7273,7453,1.0247490719098034
177,4624,7385,1.5971020761245676
178,2827,11805,4.175804740007075
179,6688,6205,0.9277811004784688
180,3908,5206,1.3321392016376663
181,5173,8788,1.6988208003092984
182,4791,8075,1.6854518889584638
183,5533,6527,1.179649376468462
184,6605,10580,1.6018168054504163
185,2203,7312,3.3191103041307306
186,2074,9543,4.601253616200578
187,7204,9009,1.2505552470849528
188,4732,8973,1.8962383770076077
189,6708,9680,1.4430530709600478
190,6283,5637,0.8971828744230463
191,4132,6446,1.5600193610842208
192,5328,6573,1.2336711711711712
193,4730,5707,1.206553911205074
194,1988,8623,4.3375251509054324
195,2847,12420,4.362486828240253
196,5181,10097,1.9488515730553948
197,4673,8481,1.8148940723304088
198,6089,9192,1.509607488914436
199,3167,10618,3.3526997158193876
200,3137,10222,3.258527255339496
201,5614,12322,2.1948699679373
202,5053,10984,2.173758163467247
203,2500,7434,2.9736
204,2350,12187,5.18595744680851
205,2888,7553,2.615304709141274
206,6950,8463,1.2176978417266187
207,5212,9435,1.810245587106677
208,2867,5972,2.0830136030694106
209,2321,8051,3.4687634640241276
210,1954,10494,5.370522006141249
211,3124,8338,2.6690140845070425
212,4272,11673,2.732443820224719
213,5226,6573,1.2577497129735935
214,4647,8661,1.8637830858618463
215,5589,10139,1.8140991232778672
216,6306,8115,1.2868696479543291
217,3690,8862,2.401626016260163
218,2416,5860,2.4254966887417218
219,5486,7349,1.3395916879329202
220,4375,9620,2.198857142857143
221,7092,8038,1.1333897349125777
222,2940,10026,3.410204081632653
223,5900,11031,1.8696610169491525
224,2235,8984,4.0196868008948545
225,5068,12060,2.3796369376479873
226,7934,7705,0.9711368792538442
227,7559,10606,1.40309564757243
228,7745,5356,0.6915429309231762
229,7605,10742,1.4124917817225509
230,4838,10448,2.159570070276974
231,4515,8199,1.8159468438538207
232,4389,10366,2.3618136249715196
233,2461,10403,4.227143437626981
234,4489,6087,1.3559812875918913
235,5348,9388,1.755422587883321
236,2526,9135,3.616389548693587
237,7728,13289,1.7195910973084887
238,5365,8897,1.65834109972041
239,7971,4975,0.6241374984318153
240,4363,10123,2.320192528077011
241,7069,12254,1.7334842269062103
242,4001,9488,2.371407148212947
243,3447,9753,2.8294168842471716
244,2677,8349,3.1187896899514382
245,6260,7637,1.219968051118211
246,1511,4694,3.1065519523494376
247,6752,6195,0.9175059241706162
248,5899,11973,2.0296660450923887
249,4864,12611,2.592722039473684
250,4522,9639,2.1315789473684212
251,4871,9180,1.8846232806405256
252,7359,8366,1.1368392444625628
253,4330,10525,2.430715935334873
254,1542,12377,8.026588845654993
255,2443,10749,4.399918133442489
256,3890,9317,2.3951156812339334
257,6945,9009,1.2971922246220302
258,4045,6484,1.6029666254635353
259,3911,9376,2.3973408335464077
260,6486,7812,1.2044403330249769
261,2504,8058,3.2180511182108624
262,1520,6564,4.318421052631579
263,1906,8163,4.282791185729276
264,2514,5133,2.0417661097852027
265,5931,9400,1.584892935424043
266,3338,10620,3.181545835829838
267,4688,6554,1.398037542662116
268,6743,13013,1.9298531810766721
269,7423,5863,0.7898423817863398
270,2214,4848,2.18970189701897
271,5646,7229,1.2803754870704924
272,5354,11024,2.059021292491595
273,5919,10899,1.8413583375570197
274,6384,9595,1.5029761904761905
275,1640,11251,6.860365853658537
276,6065,9379,1.5464138499587798
277,6382,7825,1.2261046693826387
278,7421,11190,1.5078830346314513
279,6953,11974,1.722134330504818
280,7512,6759,0.8997603833865815
281,2463,11048,4.485586682907024
282,1872,9949,5.314636752136752
283,5135,10273,2.0005842259006816
284,4041,9673,2.3937144271219997
285,5110,9907,1.938747553816047
286,3192,6948,2.1766917293233083
287,6775,6943,1.0247970479704798
288,7934,7503,0.945676833879506
289,7267,8290,1.1407733590202285
290,1605,11005,6.8566978193146415
291,7039,8559,1.215939764171047
292,3181,9123,2.8679660484124487
293,5597,11266,2.0128640343040916
294,5516,9165,1.661530094271211
295,4136,8836,2.1363636363636362
296,3637,7117,1.956832554302997
297,4916,11562,2.3519121236777867
298,5945,7683,1.2923465096719933
299,5030,12080,2.4015904572564613
300,2786,8564,3.073941134242642
301,4679,7683,1.6420175251122036
302,6658,10959,1.6459897867227395
303,7802,7261,0.930658805434504
304,5154,8152,1.5816841288319752
305,3859,8432,2.185022026431718
306,1944,8009,4.119855967078189
307,7941,9499,1.196196952524871
308,6547,8381,1.28012830303956
309,1535,6879,4.4814332247557
310,6703,8310,1.2397433984782933
311,2975,7778,2.614453781512605
312,5457,8934,1.6371632765255635
313,3298,9151,2.7747119466343237
314,3345,10465,3.1285500747384156
315,2908,6336,2.1788170563961486
316,6791,7241,1.0662641731703726
317,6995,8276,1.1831308077198
318,3208,6436,2.006234413965087
319,6981,6930,0.9926944563816072
320,4438,8409,1.894772420009013
321,7784,9393,1.2067060637204523
322,2800,8430,3.0107142857142857
323,2743,6295,2.2949325555960627
324,5476,8221,1.5012783053323593
325,4597,11529,2.5079399608440287
326,6116,8102,1.3247220405493787
327,7402,9929,1.3413942177789786
328,1509,6587,4.365142478462558
329,6579,6808,1.0348077215382276
330,3925,5206,1.3263694267515924
331,7252,8777,1.2102868174296746
332,3160,7445,2.356012658227848
333,4131,6570,1.5904139433551199
334,7795,8458,1.0850545221295702
335,6315,4377,0.6931116389548694
336,2572,7191,2.795878693623639
337,4725,9215,1.9502645502645504
338,6454,6329,0.9806321660985435
339,2816,8960,3.1818181818181817
340,7199,11755,1.632865675788304
341,5645,6261,1.1091231178033658
342,5183,6718,1.2961605247925911
343,4773,9801,2.053425518541798
344,1645,7278,4.4243161094224925
345,6510,7966,1.2236559139784946
346,4540,7870,1.7334801762114538
347,2962,7125,2.4054692775151922
348,7885,9280,1.1769181991122384
349,6176,4827,0.7815738341968912
350,3084,10864,3.522697795071336
351,1982,9202,4.642785065590313
352,4679,8506,1.8179098097884163
353,2749,10465,3.8068388504910877
354,6268,8960,1.429483088704531
355,2130,10661,5.005164319248826
356,2161,7119,3.2943081906524756
357,5003,12717,2.541874875074955
358,4352,7228,1.6608455882352942
359,3966,8435,2.126828038325769
360,2487,9184,3.6928025733815844
361,3046,7782,2.554826001313198
362,2149,4683,2.179153094462541
363,2468,8500,3.4440842787682335
364,4137,7837,1.8943678994440416
365,2600,12768,4.9107692307692306
366,1940,6790,3.5
367,6516,9420,1.445672191528545
368,2269,8491,3.7421771705597178
369,2843,10962,3.8557861413999297
370,7422,9952,1.340878469415252
371,5858,6958,1.1877773984294981
372,5229,8731,1.6697265251482118
373,5406,6999,1.2946725860155384
374,3077,8734,2.838479038024049
375,5508,10645,1.932643427741467
376,6594,8831,1.3392478010312405
377,4851,7393,1.5240156668728098
378,6295,5119,0.8131850675139
379,3849,7117,1.849051701740712
380,5102,12334,2.417483339866719
381,7199,7971,1.107237116266148
382,2741,10377,3.785844582269245
383,2625,12121,4.617523809523809
384,4101,4656,1.135332845647403
385,7931,6385,0.8050687176900769
386,2690,8293,3.0828996282527883
387,6601,11488,1.740342372367823
388,5631,7843,1.3928254306517494
389,6339,10163,1.6032497239312193
390,7360,11581,1.5735054347826087
391,5948,8965,1.5072293207800942
392,7518,11513,1.531391327480713
393,1572,5259,3.345419847328244
394,6972,7044,1.0103270223752152
395,3414,10779,3.157293497363796
396,6689,7834,1.171176558528928
397,3972,6205,1.562185297079557
398,4546,9995,2.198636163660361
399,2207,10109,4.580425917535115
400,3304,7105,2.1504237288135593
401,5213,10378,1.990792250143871
402,6551,7655,1.1685238894825218
403,4064,8476,2.0856299212598426
404,3975,8479,2.1330817610062893
405,5110,5447,1.065949119373777
406,5755,5128,0.8910512597741095
407,7792,13223,1.6969969199178645
408,4323,9185,2.1246819338422394
409,3235,8442,2.609582689335394
410,3085,4831,1.565964343598055
411,1566,8366,5.342273307790549
412,4561,8502,1.8640648980486736
413,3928,8749,2.2273421588594706
414,5653,7747,1.3704227843622856
415,1841,10880,5.909831613253666
416,6749,8514,1.261520225218551
417,4274,9040,2.1151146467009827
418,6791,11455,1.6867913414813724
419,4317,7536,1.7456567060458652
420,4161,11334,2.7238644556596974
421,2732,6634,2.4282576866764276
422,5374,9368,1.7432080387048754
423,3901,9229,2.365803640092284
424,2994,8949,2.9889779559118237
425,7417,9568,1.2900094377780773
426,5711,10544,1.8462616004202417
427,2161,6633,3.06941230911615
428,5383,7748,1.439346089541148
429,7061,9263,1.3118538450644384
430,5119,8228,1.6073451846063684
431,3368,9656,2.866983372921615
432,3834,12381,3.229264475743349
433,4874,12107,2.4839967172753386
434,2516,10048,3.9936406995230525
435,5906,6467,1.0949881476464611
436,1707,8600,5.038078500292912
437,4165,6708,1.6105642256902761
438,3993,6556,1.6418732782369145
439,2132,10394,4.875234521575985
440,3602,7841,2.176846196557468
441,4459,10543,2.3644314868804663
442,4583,11437,2.4955269474143575
443,6252,8846,1.4149072296865004
444,7019,7562,1.0773614474996438
445,3431,4847,1.4127076654036723
446,5219,9102,1.7440122628856103
447,4062,6097,1.500984736582964
448,3179,9301,2.9257628184963824
449,1736,7722,4.4481566820276495
450,5943,8527,1.4347972404509508
451,6225,10224,1.6424096385542168
452,3040,9792,3.221052631578947
453,7599,11464,1.5086195552046322
454,5443,10965,2.014514054749219
455,6867,11197,1.6305519149555847
456,1863,8854,4.7525496511003755
457,3868,9666,2.498965873836608
458,1785,8432,4.723809523809524
459,1648,9572,5.808252427184466
460,6703,6218,0.92764433835596
461,5537,7670,1.3852266570344953
462,6051,13317,2.200793257312841
463,3266,10749,3.2911818738518064
464,6395,9358,1.4633307271305707
465,6780,9454,1.3943952802359882
466,2512,9585,3.8156847133757963
467,4331,9602,2.217039944585546
468,4007,8972,2.239081607187422
469,3023,7626,2.522659609659279
470,4285,9673,2.257409568261377
471,4056,9077,2.2379191321499015
472,5225,9881,1.8911004784688996
473,6076,9958,1.6389071757735352
474,7282,8667,1.1901950013732492
475,7757,9805,1.2640195952043316
476,3101,8863,2.8581102870041923
477,3908,8658,2.2154554759467757
478,1840,7474,4.0619565217391305
479,4317,9154,2.120454018994672
480,7606,9447,1.2420457533526164
481,3996,7730,1.9344344344344344
482,7462,6448,0.8641114982578397
483,6430,7989,1.242457231726283
484,6799,11331,1.6665686130313282
485,3225,8790,2.7255813953488373
486,3189,8513,2.669488867983694
487,4767,7009,1.4703167610656598
488,5906,9726,1.646799864544531
489,1761,10986,6.238500851788756
490,2942,9188,3.123045547246771
491,1905,6528,3.426771653543307
492,3690,6126,1.6601626016260163
493,5937,7596,1.2794340576048508
494,6935,7442,1.0731074260994953
495,1743,8030,4.606999426276535
496,6085,8895,1.4617912900575185
497,5607,8325,1.4847512038523274
498,2060,6443,3.127669902912621
499,5637,9721,1.7244988469043818
500,4225,7141,1.6901775147928995
501,2093,10352,4.946010511227903
502,7048,9681,1.3735811577752555
503,3326,10365,3.1163559831629586
504,4729,7565,1.5997039543243814
505,4787,11517,2.405890954668895
506,5573,8837,1.5856809617800107
507,7289,9190,1.260803951159281
508,1633,4679,2.865278628291488
509,4638,9946,2.144458818456231
510,5419,8190,1.511348957372209
511,6543,12250,1.8722298639767692
512,1572,5941,3.7792620865139948
513,5994,12511,2.087253920587254
514,7024,11342,1.614749430523918
515,5725,8261,1.4429694323144104
516,4478,12028,2.68602054488611
517,7407,12686,1.7127041987309302
518,7597,11563,1.522048176911939
519,5861,8232,1.4045384746630267
520,7156,5936,0.8295136948015651
521,3485,8020,2.3012912482065997
522,2292,9374,4.0898778359511345
523,7896,6739,0.8534701114488349
524,6908,8504,1.2310364794441229
525,5759,9601,1.6671297100191005
526,1594,7370,4.623588456712673
527,7401,8070,1.0903931901094446
528,2633,8830,3.3535890619065705
529,7979,8912,1.116931946359193
530,6417,10713,1.6694717157550256
531,1737,10567,6.083477259643063
532,4446,9048,2.0350877192982457
533,4030,10768,2.6719602977667494
534,3460,12565,3.6315028901734103
535,2548,6141,2.410125588697017
536,7272,10723,1.4745599559955995
537,4029,9511,2.3606353933978657
538,4464,7674,1.7190860215053763
539,2463,6727,2.7312220868859116
540,2036,9716,4.772102161100197
541,7199,10025,1.392554521461314
542,7575,8876,1.1717491749174918
543,5723,7137,1.2470732133496418
544,5179,6240,1.2048658042093068
545,5687,5963,1.0485317390539828
546,5224,10310,1.973583460949464
547,2042,6431,3.1493633692458376
548,2345,5051,2.153944562899787
549,5103,9391,1.8402900254752106
550,7277,8440,1.1598186065686409
551,4536,5039,1.1108906525573192
552,7447,7952,1.0678125419632067
553,3994,8056,2.017025538307461
554,5985,7472,1.2484544695071011
555,4219,7857,1.8622896420952832
556,3384,10725,3.1693262411347516
557,5638,7537,1.3368215679318907
558,5849,10910,1.865276115575312
559,4701,11416,2.4284194852159113
560,6679,8883,1.32998951938913
561,4210,7888,1.8736342042755345
562,7930,9019,1.137326607818411
563,7136,11602,1.625840807174888
564,3453,11195,3.24210831161309
565,7988,8517,1.0662243365047572
566,6237,9967,1.5980439313772647
567,5350,9386,1.754392523364486
568,2189,9664,4.414801279122887
569,6872,8221,1.1963038416763678
570,3450,10490,3.0405797101449274
571,6675,7941,1.1896629213483145
572,7082,8132,1.1482632024851738
573,1956,8682,4.438650306748467
574,6578,6105,0.9280936454849499
575,3630,9097,2.506060606060606
576,5476,11761,2.147735573411249
577,6718,12343,1.8373027686811552
578,5744,7558,1.315807799442897
579,6948,9118,1.3123200921128382
580,2679,5923,2.2108995893990295
581,5785,9188,1.5882454624027658
582,5065,7421,1.465153010858835
583,2382,4587,1.9256926952141058
584,7906,6783,0.857955982797875
585,1899,10364,5.457609268035808
586,2108,5816,2.7590132827324476
587,7391,6695,0.9058314165877418
588,3138,11259,3.5879541108986617
589,7171,8132,1.1340119927485706
590,3648,13292,3.643640350877193
591,2882,13206,4.582234559333796
592,2903,5929,2.042369962108164
593,2319,3795,1.6364812419146184
594,4792,8493,1.7723288814691152
595,2319,6730,2.9021129797326433
596,1919,7419,3.8660760812923396
597,5719,7662,1.3397447106137437
598,6017,12160,2.02094066810703
599,4802,6574,1.3690129112869638
600,3008,8756,2.910904255319149
601,7193,8940,1.2428750173780063
602,2267,5409,2.3859726510807233
603,3544,10939,3.086625282167043
604,7798,9335,1.1971018209797384
605,3639,8940,2.4567188788128607
606,4529,8344,1.8423493044822257
607,3049,9665,3.169891767792719
608,3264,7237,2.217218137254902
609,7640,9637,1.2613874345549738
610,4145,11383,2.7462002412545234
611,5216,9129,1.750191717791411
612,6105,9353,1.532022932022932
613,6802,11444,1.682446339311967
614,5981,8974,1.500417990302625
615,7193,9862,1.3710551925483108
616,3793,6101,1.6084893224360663
617,6337,9417,1.4860344011361843
618,4208,10495,2.494058935361217
619,7507,6248,0.8322898627947249
620,7042,8238,1.1698381141721101
621,2400,7914,3.2975
622,7708,7535,0.9775557861961598
623,4584,10997,2.3989965095986037
624,7856,10698,1.3617617107942974
625,3509,11531,3.2861214021088627
626,1741,9233,5.303273980470994
627,3885,10654,2.7423423423423423
628,7616,6643,0.8722426470588235
629,5768,8908,1.544382801664355
630,2171,13114,6.040534315983418
631,1663,6048,3.6368009621166566
632,1964,11051,5.6267820773930755
633,4542,8900,1.9594892118009688
634,6092,10036,1.6474064346684176
635,6295,11749,1.8664019062748214
636,3942,9909,2.5136986301369864
637,6298,11176,1.7745315973324864
638,7536,6318,0.8383757961783439
639,3855,9235,2.3955901426718547
640,7387,6088,0.8241505347231624
641,5778,7208,1.247490481135341
642,6224,4772,0.7667095115681234
643,4057,6789,1.6734039930983486
644,7327,6069,0.8283062645011601
645,2045,7009,3.4273838630806845
646,7183,8298,1.1552276207712655
647,6219,11964,1.9237819585142306
648,5335,11389,2.1347703842549204
649,2093,9283,4.435260391782131
650,6339,8909,1.4054267234579587
651,7364,10356,1.4063009234111896
652,5304,7158,1.3495475113122173
653,2959,8121,2.744508279824265
654,7544,11089,1.4699098621420996
655,4993,9278,1.8582014820749049
656,4101,6469,1.5774201414289197
657,7664,6702,0.8744780793319415
658,3944,10413,2.6402129817444218
659,4172,11152,2.673058485139022
660,5700,12638,2.2171929824561403
661,7835,10039,1.2813018506700702
662,1516,8460,5.580474934036939
663,4691,6705,1.4293327648688978
664,1892,5830,3.0813953488372094
665,1924,7776,4.041580041580041
666,7772,7476,0.961914565105507
667,2071,7553,3.6470304200869146
668,5131,8121,1.5827324108360943
669,7672,9404,1.2257559958289885
670,2620,9381,3.580534351145038
671,1741,10648,6.116025272831706
672,5397,8876,1.6446173800259403
673,5595,8448,1.5099195710455764
674,3779,9936,2.629267001852342
675,2288,10752,4.699300699300699
676,2214,6818,3.079494128274616
677,6354,10166,1.5999370475291155
678,4349,5251,1.2074040009197518
679,2275,10282,4.51956043956044
680,5526,7315,1.3237423090843286
681,3747,9487,2.5318921804109955
682,1578,11161,7.072877059569075
683,5426,9547,1.7594913380022115
684,2355,9217,3.91380042462845
685,7035,7647,1.086993603411514
686,7730,8810,1.1397153945666236
687,3648,8005,2.194353070175439
688,2531,9561,3.777558277360727
689,6440,11079,1.7203416149068322
690,4771,9495,1.9901488157618947
691,5076,11830,2.330575256107171
692,5682,10209,1.796726504751848
693,7686,7754,1.008847254748894
694,4956,8373,1.6894673123486683
695,5006,5079,1.0145825009988014
696,1907,8725,4.5752490823282645
697,4211,7419,1.7618142958917122
698,4588,10725,2.3376198779424584
699,3168,7797,2.461174242424242
700,1647,8047,4.885853066180935
701,7920,5781,0.7299242424242425
702,5827,8083,1.3871632057662606
703,5397,11193,2.0739299610894943
704,3450,7969,2.309855072463768
705,1865,7534,4.039678284182306
706,3174,10354,3.262129804662886
707,6031,7142,1.184214889736362
708,5994,8723,1.4552886219552885
709,6830,8599,1.25900439238653
710,7010,12193,1.7393723252496434
711,4046,9743,2.408057340583292
712,2062,11626,5.6382153249272555
713,5062,7771,1.5351639668115369
714,3989,7838,1.9649034845826021
715,6880,12307,1.7888081395348838
716,2272,11161,4.912411971830986
717,7993,9669,1.209683473038909
718,3537,10897,3.080859485439638
719,4923,10702,2.1738777168393257
720,4067,4746,1.1669535283993115
721,6939,9850,1.41951289811212
722,7781,11453,1.4719187765068757
723,3073,10014,3.2587048486820698
724,5194,9660,1.8598382749326146
725,6587,10018,1.5208744496735995
726,4791,7935,1.6562304320601127
727,2746,11185,4.07319737800437
728,5219,7516,1.4401226288561026
729,5339,4363,0.817194231129425
730,1859,5720,3.076923076923077
731,6516,8568,1.3149171270718232
732,3876,6833,1.7628998968008256
733,4509,7680,1.7032601463739188
734,4493,9436,2.1001557979078567
735,2462,11766,4.779041429731925
736,5132,12646,2.464146531566641
737,3327,8614,2.5891193267207693
738,3113,9721,3.122711211050434
739,3140,8828,2.8114649681528663
740,3716,8723,2.347416576964478
741,5812,11249,1.9354783207157604
742,1877,7571,4.033564198188599
743,5714,7697,1.3470423521176058
744,5785,7122,1.231114952463267
745,1869,8151,4.36115569823435
746,7397,9677,1.308233067459781
747,3696,11748,3.1785714285714284
748,5247,7905,1.5065751858204688
749,2151,7754,3.604834960483496
750,7478,9941,1.329366140679326
751,7107,13938,1.9611650485436893
752,2269,8745,3.854120758043191
753,3921,8674,2.212190767661311
754,2280,10511,4.610087719298246
755,3216,8405,2.613495024875622
756,7803,13392,1.7162629757785468
757,7994,7091,0.8870402802101576
758,5483,10377,1.8925770563560096
759,2811,9612,3.4194236926360726
760,4859,10615,2.1846058859847703
761,6845,9313,1.3605551497443389
762,2022,9324,4.611275964391691
763,2021,9011,4.458683819891143
764,6378,11085,1.7380056444026342
765,3820,7371,1.9295811518324608
766,2435,11164,4.584804928131417
767,3730,10570,2.8337801608579087
768,5540,10777,1.9453068592057763
769,7284,9304,1.2773201537616694
770,6083,10426,1.7139569291468026
771,7446,10234,1.3744292237442923
772,6441,7133,1.1074367334264865
773,7767,9473,1.2196472254409683
774,5197,7856,1.5116413315374255
775,4337,9100,2.0982245792022134
776,5583,5973,1.0698549167114455
777,3961,5124,1.293612724059581
778,7599,9845,1.295565205948151
779,7344,10698,1.4566993464052287
780,4743,9577,2.0191861690912924
781,4859,4680,0.963161144268368
782,2185,10235,4.684210526315789
783,3660,11996,3.2775956284153005
784,5488,9849,1.7946428571428572
785,5566,8196,1.472511678045275
786,7765,9673,1.24571796522859
787,3067,6808,2.2197587218780566
788,6841,6058,0.8855430492618038
789,1538,8082,5.254876462938881
790,4044,10400,2.5717111770524235
791,6375,8326,1.3060392156862746
792,2756,5805,2.106313497822932
793,4490,9337,2.079510022271715
794,3696,9829,2.6593614718614718
795,4968,5292,1.065217391304348
796,4208,10166,2.415874524714829
797,7523,9982,1.3268642828658779
798,1801,8855,4.9167129372570795
799,7881,8358,1.0605253140464408
800,2146,7988,3.722273998136067
801,6258,7933,1.2676573985298818
802,7879,9037,1.1469729661124508
803,3259,8314,2.551089291193618
804,7846,10144,1.2928880958450166
805,5851,8717,1.4898307981541616
806,2097,6206,2.959465903671912
807,2161,10932,5.058769088385007
808,5830,4683,0.8032590051457976
809,2868,6737,2.349023709902371
810,4081,9772,2.3945111492281304
811,5368,7513,1.3995901639344261
812,5037,8214,1.6307325789160214
813,6365,7685,1.2073841319717205
814,5808,11054,1.903236914600551
815,6058,6950,1.147243314625289
816,1782,9501,5.331649831649831
817,5178,11494,2.219775975280031
818,2986,6345,2.124916275954454
819,5582,9822,1.759584378359011
820,7026,8119,1.1555650441218333
821,5683,8731,1.5363364420200598
822,6663,10752,1.6136875281404772
823,1960,9315,4.752551020408164
824,3825,5747,1.502483660130719
825,5254,10081,1.9187285877426723
826,3968,6053,1.525453629032258
827,3224,10527,3.265198511166253
828,2876,11558,4.018776077885953
829,4243,6877,1.6207871788828658
830,2014,8331,4.136544190665343
831,2202,9091,4.128519527702089
832,3153,10048,3.186806216301935
833,3566,7243,2.0311273135165453
834,1522,10319,6.779894875164257
835,3960,7169,1.8103535353535354
836,6649,9320,1.401714543540382
837,7426,7953,1.0709668731483974
838,7751,7183,0.9267191330150948
839,2804,10542,3.7596291012838803
840,4800,5017,1.0452083333333333
841,6730,9382,1.3940564635958395
842,7779,9685,1.2450186399280112
843,1861,7598,4.082751209027404
844,5227,5416,1.036158408264779
845,7772,8042,1.034740092640247
846,7495,10347,1.380520346897932
847,2784,11850,4.256465517241379
848,2014,9453,4.69364448857994
849,1948,10820,5.55441478439425
850,7519,12443,1.6548743183934034
851,7102,7690,1.082793579273444
852,6843,8299,1.2127721759462224
853,3355,9299,2.7716840536512666
854,6469,6409,0.9907249961354151
855,5062,8734,1.7254049782694587
856,4020,9028,2.245771144278607
857,4581,9260,2.021392709015499
858,2928,8705,2.9730191256830603
859,5467,9282,1.6978233034571062
860,7945,10050,1.264946507237256
861,7874,9643,1.2246634493268986
862,7350,10542,1.4342857142857144
863,2422,9675,3.9946325350949627
864,4637,8341,1.7987923226223852
865,3659,9253,2.528833014484832
866,6632,7427,1.1198733413751507
867,7012,9524,1.3582430119794637
868,4047,8008,1.9787496911292315
869,4479,11476,2.5621790578254076
870,3781,12093,3.1983602221634486
871,4149,11252,2.7119787900698964
872,1813,11416,6.2967457253171535
873,4113,11185,2.7194262095793826
874,4583,10810,2.3587169975998252
875,3756,7642,2.034611288604899
876,7593,11028,1.4523903595416832
877,2537,5868,2.312968072526606
878,7252,6992,0.9641478212906784
879,4989,8484,1.7005411906193626
880,4134,8219,1.9881470730527335
881,5483,10330,1.884005106693416
882,3278,9471,2.889261744966443
883,6610,6928,1.0481089258698941
884,6689,9573,1.4311556286440426
885,5395,7251,1.3440222428174236
886,2624,7804,2.9740853658536586
887,2197,11192,5.094219390077378
888,3679,10708,2.910573525414515
889,2904,10026,3.4524793388429753
890,6751,5625,0.8332098948303955
891,2543,10956,4.308297286669288
892,3429,9099,2.6535433070866143
893,2513,9164,3.6466374850775964
894,1726,6552,3.796060254924681
895,3328,11470,3.446514423076923
896,7088,8161,1.151382618510158
897,6417,11168,1.7403771232663239
898,3523,10726,3.044564291796764
899,6466,10009,1.547943086916177
900,3952,6803,1.721406882591093
901,7845,8097,1.0321223709369025
902,3585,4855,1.3542538354253835
903,7391,6463,0.8744418887836558
904,5783,8471,1.4648106519107729
905,2580,7853,3.043798449612403
906,6536,5812,0.8892288861689106
907,3820,7610,1.9921465968586387
908,4690,14580,3.1087420042643923
909,4130,8633,2.090314769975787
910,4063,11293,2.7794732955943884
911,4792,11784,2.4590984974958263
912,6121,12827,2.0955726188531285
913,5086,8084,1.5894612662209988
914,5931,8707,1.468049232844377
915,6674,5727,0.8581060833083608
916,4447,9450,2.1250281088374186
917,5459,12226,2.2396043231361054
918,4313,9975,2.3127753303964758
919,4083,6890,1.6874846926279696
920,1661,7694,4.632149307645997
921,2093,9238,4.413760152890588
922,7534,8532,1.132466153437749
923,7802,5866,0.7518584978210715
924,4759,4235,0.8898928346291237
925,5655,9203,1.6274093722369585
926,4462,9293,2.082698341550874
927,5388,7800,1.447661469933185
928,4890,11308,2.3124744376278117
929,7497,9354,1.2476990796318528
930,7854,4434,0.5645530939648586
931,6001,12160,2.026328945175804
932,2163,8429,3.8969024503005087
933,2632,5481,2.0824468085106385
934,6695,9951,1.4863330843913367
935,2041,7181,3.5183733463988243
936,6933,11497,1.6583008798499927
937,6593,9587,1.4541180039435766
938,6736,10112,1.501187648456057
939,4474,4987,1.114662494412159
940,2367,7776,3.285171102661597
941,3566,8479,2.3777341559169938
942,1931,6002,3.108234075608493
943,6335,8314,1.3123914759273876
944,6969,7952,1.1410532357583585
945,5778,10313,1.7848736587054344
946,7756,7906,1.019339865910263
947,2706,9830,3.632668144863267
948,4028,8273,2.0538728897715988
949,2669,6235,2.3360809291869615
950,2330,11240,4.824034334763948
951,3151,6641,2.1075848936845447
952,2636,10794,4.094840667678301
953,4310,9769,2.2665893271461717
954,1975,7331,3.711898734177215
955,4310,9573,2.2211136890951275
956,2826,9769,3.456829440905874
957,6566,7532,1.1471215351812367
958,2519,7063,2.8038904327113934
959,6737,11149,1.6548909009945079
960,3336,9855,2.954136690647482
961,5756,9127,1.5856497567755385
962,3948,10936,2.7700101317122594
963,5793,4943,0.8532711893664768
964,2783,9559,3.4347826086956523
965,2159,7935,3.6753126447429367
966,7371,9231,1.2523402523402523
967,6666,9362,1.4044404440444045
968,3510,10456,2.978917378917379
969,1898,9215,4.8551106427818755
970,3233,8776,2.7145066501701205
971,7178,8510,1.1855670103092784
972,3625,8176,2.255448275862069
973,3671,8191,2.2312721329338054
974,1574,9317,5.919313850063532
975,7780,11534,1.4825192802056555
976,6197,9745,1.5725350976278845
977,4971,8614,1.7328505330919333
978,2336,8159,3.4927226027397262
979,7124,9022,1.2664233576642336
980,1999,10997,5.5012506253126565
981,7192,9712,1.350389321468298
982,1637,10667,6.516188149053146
983,3597,9542,2.6527661940505975
984,7390,9043,1.223680649526387
985,6568,5872,0.8940316686967114
986,7238,6862,0.948051948051948
987,5196,7205,1.386643571978445
988,3385,10654,3.147415066469719
989,7897,5552,0.7030517918196784
990,7624,13336,1.7492130115424973
991,4257,10095,2.37138830162086
992,5420,9328,1.7210332103321033
993,3400,7616,2.24
994,4110,11179,2.7199513381995133
995,5486,4927,0.8981042654028436
996,2949,8066,2.735164462529671
997,2046,10011,4.892961876832844
998,6517,7018,1.0768758631272057
999,6176,7636,1.23639896373057
1000,6968,5890,0.845292766934558
1001,7552,6733,0.891551906779661
1002,3503,9021,2.575221238938053
1003,3596,8691,2.4168520578420467
1004,2203,11905,5.403994552882433
1005,7904,8775,1.1101973684210527
1006,3903,7706,1.9743786830643095
1007,3125,9773,3.12736
1008,4831,8294,1.7168288139101635
1009,6233,10328,1.6569870046526551
1010,6605,9767,1.4787282361847085
1011,4478,7904,1.76507369361322
1012,6236,9984,1.6010262989095574
1013,4339,10863,2.503572251670892
1014,4884,11573,2.3695741195741196
1015,4159,10992,2.642943015147872
1016,3361,9545,2.83992859268075
1017,4356,10718,2.460514233241506
1018,6801,11285,1.6593148066460814
1019,2185,10022,4.586727688787185
1020,7447,8349,1.121122599704579
1021,5783,6863,1.1867542797855783
1022,3119,9257,2.967938441808272
1023,7283,9839,1.3509542770836194
1024,6580,8294,1.26048632218845
1025,6143,8680,1.412990395572196
1026,2931,8766,2.9907881269191403
1027,2375,9110,3.8357894736842106
1028,6213,8636,1.3899887333011427
1029,3961,9574,2.4170663973744
1030,2865,8306,2.89912739965096
1031,2743,7682,2.800583302952971
1032,6498,10046,1.5460141582025237
1033,1662,5392,3.2442839951865223
1034,3474,10421,2.9997121473805413
1035,4791,6745,1.4078480484241285
1036,1769,12642,7.1464104013566985
1037,2131,7011,3.290004692632567
1038,2405,7281,3.0274428274428273
1039,4971,8321,1.6739086702876684
1040,4753,9580,2.0155691142436356
1041,3514,6932,1.9726807057484348
1042,3141,4275,1.3610315186246418
1043,1704,6577,3.8597417840375585
1044,2081,11490,5.521383950024027
1045,7175,8141,1.1346341463414633
1046,2340,8307,3.55
1047,7432,9244,1.243810548977395
1048,6847,7817,1.1416678837447056
1049,3219,8005,2.486797141969556
1050,7238,9934,1.3724785852445427
1051,4143,8615,2.079411054791214
1052,3797,9917,2.6117987885172504
1053,2374,11011,4.638163437236731
1054,7060,10648,1.5082152974504248
1055,7839,11115,1.4179104477611941
1056,2189,12548,5.732297852900868
1057,5500,6210,1.1290909090909091
1058,7606,7570,0.9952668945569287
1059,4641,10058,2.1672053436759318
1060,2922,9625,3.2939767282683095
1061,7597,9588,1.262077135711465
1062,2171,9782,4.505757715338554
1063,2671,10690,4.0022463496817675
1064,7091,11109,1.566633761105627
1065,5226,9127,1.7464600076540375
1066,2443,13151,5.383135489152681
1067,7842,8490,1.0826319816373373
1068,2949,8985,3.046795523906409
1069,5237,7159,1.3670040099293488
1070,4039,4767,1.1802426343154246
1071,5459,10410,1.906942663491482
1072,6491,6667,1.027114466183947
1073,7785,8020,1.0301862556197816
1074,6932,6214,0.8964223889209464
1075,5760,9062,1.5732638888888888
1076,3861,7505,1.9437969437969438
1077,7664,7972,1.040187891440501
1078,6701,10329,1.5414117295925982
1079,5152,11275,2.1884704968944098
1080,5170,8095,1.5657640232108316
1081,3253,5262,1.6175837688287735
1082,3852,9828,2.5514018691588785
1083,3438,10829,3.1497963932518904
1084,1870,10740,5.74331550802139
1085,7476,8503,1.1373729266987693
1086,6448,7647,1.1859491315136477
1087,5979,4467,0.7471149021575514
1088,3431,10718,3.1238705916642378
1089,1924,9437,4.904885654885655
1090,7804,11098,1.4220912352639672
1091,6224,9059,1.4554948586118253
1092,2394,7971,3.3295739348370925
1093,7970,8684,1.089585947302384
1094,2097,10032,4.783977110157368
1095,4562,8432,1.8483121437965804
1096,3836,7674,2.000521376433785
1097,6188,9063,1.4646089204912733
1098,3187,10541,3.3074992155632255
1099,2072,9260,4.469111969111969
1100,7671,7549,0.9840959457697823
1101,3590,6168,1.7181058495821726
1102,7300,9697,1.3283561643835617
1103,5169,9425,1.8233700909266783
1104,5772,6292,1.09009009009009
1105,6124,5505,0.8989222730241672
1106,3133,8620,2.7513565272901372
1107,6561,8044,1.2260326169791191
1108,3017,12377,4.1024196221412
1109,5793,6964,1.2021405144139479
1110,4157,6958,1.67380322347847
1111,5148,8065,1.5666278166278167
1112,6448,8762,1.3588709677419355
1113,5088,10164,1.9976415094339623
1114,3037,13574,4.469542311491604
1115,7665,5578,0.727723418134377
1116,6676,11141,1.6688136608747752
1117,4637,8447,1.8216519301272374
1118,1597,13533,8.47401377582968
1119,4715,13295,2.819724284199364
1120,7499,10470,1.3961861581544206
1121,6030,12694,2.10514096185738
1122,6232,10603,1.7013799743260591
1123,5250,8559,1.6302857142857143
1124,4657,8138,1.7474769164698303
1125,6183,6122,0.990134239042536
1126,1843,11961,6.489962018448182
1127,6913,8653,1.2516996962245046
1128,7575,9280,1.225082508250825
1129,6166,8628,1.3992864093415505
1130,2110,9241,4.379620853080569
1131,3227,8431,2.6126433219708707
1132,3790,8543,2.254089709762533
1133,3354,9919,2.9573643410852712
1134,4108,7103,1.7290652385589094
1135,6555,8177,1.24744469870328
1136,3579,9595,2.680916457110925
1137,3824,7524,1.967573221757322
1138,6127,7667,1.251346499102334
1139,2677,10817,4.040717220769518
1140,2591,9576,3.6958703203396372
1141,7497,11425,1.5239429104975324
1142,6479,6470,0.9986108967433246
1143,7857,9024,1.1485299732722414
1144,7274,4249,0.5841352763266429
1145,4291,7703,1.795152645071079
1146,7856,6201,0.7893329938900203
1147,7722,7065,0.914918414918415
1148,3249,10623,3.2696214219759927
1149,4175,7323,1.7540119760479043
1150,2281,8159,3.576939938623411
1151,4548,5883,1.2935356200527703
1152,3605,10508,2.9148404993065187
1153,5367,9566,1.7823737656046208
1154,6476,7633,1.1786596664607782
1155,6042,10687,1.7687851704733533
1156,3613,9113,2.5222806531967894
1157,7379,10412,1.4110313050548855
1158,6873,9566,1.3918230758038703
1159,5470,11252,2.057038391224863
1160,3491,8475,2.427671154397021
1161,2567,5806,2.2617841838722246
1162,3077,9684,3.1472213194670133
1163,2511,11816,4.705694942254082
1164,3774,6782,1.797032326444091
1165,6369,7436,1.1675302245250432
1166,3314,9662,2.915509957754979
1167,3926,10944,2.7875700458481916
1168,6797,6252,0.9198175665734883
1169,7046,7306,1.03690036900369
1170,5902,11693,1.9811928159945782
1171,6374,8642,1.3558205208660181
1172,4051,11843,2.9234756850160455
1173,7911,10208,1.2903552016180002
1174,5157,5659,1.0973434167151446
1175,1507,10594,7.029860650298606
1176,4055,10461,2.5797780517879163
1177,1975,10093,5.110379746835443
1178,6916,10443,1.5099768652400232
1179,3711,7078,1.907302613850714
1180,1984,11678,5.886088709677419
1181,6500,8712,1.3403076923076922
1182,6154,6427,1.0443613909652258
1183,7563,12767,1.6880867380669047
1184,3785,10090,2.6657859973579923
1185,6723,13883,2.0650007437156033
1186,6829,10299,1.5081271049934104
1187,6063,10574,1.744021111660894
1188,5025,6061,1.2061691542288557
1189,4839,10588,2.188055383343666
1190,4322,7528,1.7417862100879222
1191,6443,10056,1.5607636194319416
1192,4424,12582,2.844032549728752
1193,1758,11353,6.457906712172924
1194,1782,5969,3.3496071829405163
1195,7245,8136,1.1229813664596273
1196,3398,7942,2.337257210123602
1197,5635,8841,1.568944099378882
1198,4476,8626,1.9271671134941912
1199,3767,7830,2.078577117069286
1200,4700,10482,2.2302127659574467
1201,6610,5219,0.7895612708018155
1202,2112,10814,5.120265151515151
1203,7511,7209,0.9597923046198908
1204,2187,9212,4.2121627800640145
1205,5190,8296,1.5984585741811175
1206,2112,7888,3.734848484848485
1207,3807,5996,1.5749934331494615
1208,4513,12021,2.6636383780190562
1209,3281,8821,2.6885096007314844
1210,7406,9287,1.2539832568187956
1211,4091,8640,2.1119530677096066
1212,4196,6769,1.613203050524309
1213,7143,7685,1.0758784824303513
1214,7526,9558,1.269997342545841
1215,5458,6573,1.2042872847196775
1216,6748,10262,1.520746887966805
1217,2074,9682,4.668273866923819
1218,3410,10257,3.0079178885630498
1219,6608,13007,1.9683716707021792
1220,5104,8477,1.6608542319749215
1221,2169,10230,4.716459197786999
1222,5864,9807,1.6724079126875853
1223,2783,8459,3.039525691699605
1224,2423,11405,4.706974824597606
1225,2625,7022,2.675047619047619
1226,3029,5374,1.7741828986464179
1227,7354,10281,1.3980146858852325
1228,3094,7439,2.4043309631544925
1229,1746,11705,6.7038946162657505
1230,5211,9737,1.8685473037804643
1231,3060,12591,4.114705882352941
1232,7774,9641,1.2401595060457937
1233,3900,7623,1.9546153846153846
1234,3743,5971,1.5952444563184611
1235,5364,9899,1.8454511558538405
1236,3439,10212,2.9694678685664435
1237,6525,5443,0.834176245210728
1238,4569,7045,1.5419128912234625
1239,1726,8633,5.001738122827346
1240,5047,7753,1.5361600951060035
1241,1764,10020,5.680272108843537
1242,2895,10091,3.48566493955095
1243,5057,8044,1.5906664030057347
1244,7053,11289,1.6005954912803062
1245,2145,11633,5.423310023310023
1246,7854,6918,0.8808250572956455
1247,7014,9182,1.3090960935272313
1248,7069,8379,1.1853161691894185
1249,4490,7537,1.678619153674833
1250,6983,7841,1.1228698267220392
1251,3399,9019,2.653427478670197
1252,4004,7935,1.9817682317682317
1253,4272,10415,2.4379681647940075
1254,6845,8186,1.19590942293645
1255,6577,9040,1.3744868481070396
1256,2654,6221,2.3440090429540317
1257,2087,11250,5.390512697652132
1258,6071,7248,1.1938725086476691
1259,3321,11464,3.451972297500753
1260,2485,10365,4.17102615694165
1261,5579,6384,1.1442910915934756
1262,4848,7129,1.470503300330033
1263,7799,9625,1.2341325811001411
1264,5331,5425,1.0176327143125117
1265,2741,9980,3.6410069317767237
1266,1689,7584,4.4902309058614565
1267,7036,8166,1.1606026151222286
1268,2480,7306,2.9459677419354837
1269,3198,10067,3.1479049405878676
1270,3215,8299,2.5813374805598754
1271,4093,6556,1.6017591009039824
1272,5636,7857,1.3940738112136266
1273,7950,6830,0.8591194968553459
1274,6538,9238,1.4129703273172225
1275,5933,4946,0.8336423394572728
1276,6933,7713,1.1125054089138902
1277,2598,6194,2.3841416474210932
1278,3826,5882,1.5373758494511238
1279,4747,10689,2.251737939751422
1280,2395,8302,3.4663883089770353
1281,7916,9703,1.2257453259221829
1282,3174,9609,3.0274102079395084
1283,4409,6183,1.402358811521887
1284,2430,7868,3.2378600823045267
1285,5884,10293,1.7493201903467028
1286,2223,7071,3.180836707152497
1287,4440,7167,1.6141891891891893
1288,7915,10343,1.3067593177511054
1289,7549,10584,1.402040005298715
1290,2589,12251,4.7319428350714565
1291,6078,6455,1.0620269825600526
1292,2435,8119,3.3342915811088294
1293,3795,7558,1.9915678524374176
1294,1655,10876,6.571601208459215
1295,2570,6807,2.6486381322957198
1296,3458,8604,2.4881434355118563
1297,4001,7647,1.9112721819545113
1298,7844,6349,0.8094084650688425
1299,7279,9829,1.3503228465448551
1300,5719,9766,1.7076411960132891
1301,7644,9707,1.2698848770277342
1302,6563,10403,1.585098278226421
1303,5330,8156,1.5302063789868667
1304,2354,5461,2.319881053525913
1305,2139,10280,4.805984104721833
1306,3738,8168,2.1851257356875333
1307,3102,7404,2.386847195357834
1308,1941,8553,4.406491499227203
1309,7540,6438,0.8538461538461538
1310,7434,8092,1.088512241054614
1311,7425,10798,1.4542760942760942
1312,7786,11027,1.4162599537631646
1313,6128,9343,1.5246409921671018
1314,7870,9368,1.1903430749682338
1315,2836,8785,3.097672778561354
1316,5200,9884,1.9007692307692308
1317,2448,11116,4.540849673202614
1318,4873,8054,1.6527806279499282
1319,7615,11700,1.536441234405778
1320,1959,6125,3.1265952016334864
1321,6146,8927,1.4524894240156199
1322,1892,6706,3.544397463002114
1323,5438,8537,1.569878631849945
1324,3287,10429,3.172801947064192
1325,6440,6943,1.0781055900621117
1326,3757,6474,1.7231833910034602
1327,2638,9100,3.4495830174374524
1328,5308,7099,1.3374152223059532
1329,6241,6987,1.119532126261817
1330,7862,9156,1.1645891630628338
1331,3954,9644,2.4390490642387457
1332,2966,9426,3.1780175320296697
1333,5174,8857,1.7118283726323926
1334,2877,7581,2.6350364963503647
1335,4097,8299,2.0256285086648766
1336,1641,9898,6.031687995124924
1337,4159,7080,1.7023322914162058
1338,6096,11458,1.8795931758530184
1339,2339,8067,3.4489097905087642
1340,5118,5838,1.1406799531066822
1341,7278,7737,1.0630667765869743
1342,7161,11510,1.6073174137690267
1343,7642,10022,1.3114367966500915
1344,5417,12243,2.2601070703341333
1345,7126,7535,1.0573954532697165
1346,2095,8298,3.960859188544153
1347,3404,12642,3.7138660399529964
1348,1780,9611,5.399438202247191
1349,1923,8257,4.2938117524700985
1350,5865,11371,1.9387894288150043
1351,5749,11254,1.9575578361454167
1352,3250,9089,2.7966153846153845
1353,6257,6101,0.9750679239252038
1354,3467,11919,3.437842515142775
1355,5588,8681,1.5535075161059413
1356,5678,8874,1.562874251497006
1357,4446,9076,2.0413855150697255
1358,2949,6749,2.2885723974228553
1359,6894,6318,0.9164490861618799
1360,3831,11250,2.936570086139389
1361,6575,6879,1.0462357414448669
1362,3720,13764,3.7
1363,5289,7969,1.5067120438646247
1364,4310,7357,1.7069605568445476
1365,7255,12869,1.7738111647139903
1366,6994,13104,1.8736059479553904
1367,6228,9175,1.4731856133590238
1368,3031,12287,4.053777631144837
1369,6382,10906,1.708868693199624
1370,4490,5204,1.1590200445434298
1371,5993,5946,0.9921575171032871
1372,2643,6882,2.6038592508513054
1373,2433,5428,2.2309905466502262
1374,2960,10785,3.643581081081081
1375,7448,8423,1.1309076262083781
1376,4223,7970,1.8872839213829031
1377,4012,9207,2.2948654037886342
1378,1785,9162,5.132773109243698
1379,1764,11172,6.333333333333333
1380,3867,7104,1.8370830100853375
1381,4947,6605,1.33515261774813
1382,7732,9714,1.2563372995344024
1383,7273,9079,1.248315688161694
1384,6822,5880,0.8619173262972736
1385,6416,10738,1.6736284289276808
1386,3262,10261,3.1456161863887186
1387,4548,7032,1.5461741424802111
1388,3881,12484,3.2166967276475136
1389,3769,7648,2.0291854603343062
1390,1540,11003,7.144805194805195
1391,7327,8356,1.1404394704517538
1392,1567,12939,8.257179323548181
1393,2487,9693,3.8974668275030155
1394,7395,8424,1.1391480730223125
1395,7217,9679,1.3411389774144382
1396,5508,8144,1.478576615831518
1397,7251,7521,1.0372362432767894
1398,4698,10453,2.224989357173265
1399,6874,7816,1.137038114634856
1400,6290,12611,2.0049284578696343
1401,4024,11339,2.8178429423459246
1402,2585,9486,3.66963249516441
1403,3979,10748,2.701181201306861
1404,3193,7274,2.2781083620419667
1405,3815,5975,1.5661861074705112
1406,6654,9449,1.4200480913736098
1407,2278,5553,2.4376646180860404
1408,6089,8302,1.3634422729512234
1409,3085,5998,1.9442463533225283
1410,2992,8876,2.966577540106952
1411,7386,9444,1.2786352558895206
1412,2160,9989,4.624537037037037
1413,2848,9458,3.320926966292135
1414,6923,11697,1.6895854398382204
1415,2799,9132,3.262593783494105
1416,5440,9740,1.7904411764705883
1417,3486,8448,2.423407917383821
1418,3544,6772,1.9108352144469527
1419,5016,8359,1.6664673046251994
1420,7524,7884,1.0478468899521531
1421,6943,7491,1.078928417110759
1422,2558,7491,2.928459734167318
1423,2476,12324,4.977382875605816
1424,6077,8496,1.3980582524271845
1425,2227,8296,3.7251908396946565
1426,4027,8124,2.017382666997765
1427,4636,11341,2.4462899050905955
1428,6627,6525,0.9846084200995926
1429,1842,5038,2.735070575461455
1430,2947,9835,3.33729216152019
1431,3879,5796,1.494199535962877
1432,5159,10067,1.9513471603023842
1433,7817,7912,1.0121529998720737
1434,2026,6509,3.2127344521224086
1435,3396,7828,2.305064782096584
1436,6254,4743,0.7583946274384394
1437,3573,8905,2.4923033865099358
1438,6415,12872,2.0065471551052223
1439,1905,10685,5.608923884514436
1440,7875,10341,1.3131428571428572
1441,3073,6869,2.235274975593882
1442,7407,9520,1.2852706898879438
1443,6100,9344,1.5318032786885245
1444,5240,8319,1.5875954198473283
1445,5774,9786,1.6948389331485971
1446,5727,6171,1.0775275013095862
1447,3346,8270,2.471607890017932
1448,2978,7293,2.4489590329079918
1449,3895,9951,2.554813863928113
1450,2271,10164,4.47556142668428
1451,7025,6418,0.9135943060498221
1452,7719,8566,1.1097292395388003
1453,2078,11271,5.423965351299326
1454,4401,7397,1.6807543740059077
1455,7111,10049,1.413162705667276
1456,1693,9609,5.675723567631423
1457,3507,10404,2.9666381522668948
1458,2685,9101,3.3895716945996277
1459,3894,6891,1.7696456086286594
1460,4498,7089,1.5760337927967987
1461,6980,7530,1.0787965616045845
1462,3292,12528,3.805589307411908
1463,2610,6901,2.644061302681992
1464,5505,5810,1.0554041780199819
1465,3761,12728,3.3842063281042276
1466,5236,9650,1.8430099312452253
1467,5293,9486,1.7921783487625165
1468,3436,7212,2.09895227008149
1469,6375,9260,1.4525490196078432
1470,5857,9126,1.5581355642820556
1471,2229,7566,3.3943472409152085
1472,5878,10293,1.7511058183055461
1473,7086,7982,1.1264465142534574
1474,4951,8751,1.7675217127852958
1475,5957,11678,1.9603827429914387
1476,6036,8579,1.4213055003313453
1477,3640,6384,1.7538461538461538
1478,3144,8038,2.5566157760814248
1479,4300,8344,1.9404651162790698
1480,6462,6213,0.9614670380687094
1481,7043,10439,1.4821808888257844
1482,1641,7441,4.534430225472273
1483,6910,8456,1.2237337192474675
1484,2955,9253,3.1313028764805413
1485,7471,9087,1.2163030384152054
1486,7443,6750,0.9068923821039904
1487,7308,9770,1.3368910782703887
1488,6296,7214,1.1458068614993646
1489,6593,7573,1.14864249962081
1490,3596,7509,2.088153503893215
1491,2825,11029,3.904070796460177
1492,6476,5378,0.8304508956145769
1493,2713,6237,2.298931072613343
1494,2659,5999,2.2561113200451297
1495,6150,10340,1.6813008130081302
1496,5999,4212,0.7021170195032506
1497,6487,8105,1.2494219207646062
1498,6197,6177,0.9967726319186703
1499,7426,8853,1.1921626716940479
1500,1840,6485,3.5244565217391304
1501,5328,11144,2.0915915915915915
1502,3468,6237,1.7984429065743945
1503,2203,5848,2.654561960962324
1504,5913,11284,1.9083375613055977
1505,6982,9414,1.3483242623890004
1506,3929,7235,1.8414354797658437
1507,7876,4351,0.5524377856780092
1508,3300,9831,2.979090909090909
1509,6963,8966,1.2876633634927475
1510,7168,9775,1.3636997767857142
1511,6412,9233,1.4399563318777293
1512,6148,10647,1.731782693558881
1513,2355,8813,3.7422505307855625
1514,3312,6184,1.8671497584541064
1515,4366,7280,1.6674301420064133
1516,5142,9025,1.7551536367172307
1517,1682,9386,5.580261593341261
1518,4612,9387,2.035342584562012
1519,7170,12412,1.7311018131101814
1520,5992,8488,1.416555407209613
1521,7323,8554,1.1681005052574083
1522,3017,8638,2.863109048723898
1523,6502,9318,1.4330975084589357
1524,2856,12136,4.249299719887955
1525,3674,11322,3.0816548720740338
1526,5129,10603,2.0672645739910314
1527,5128,7195,1.4030811232449298
1528,5596,10657,1.9043959971408149
1529,4739,9337,1.9702468875290147
1530,5191,9585,1.8464650356386052
1531,1518,8410,5.540184453227932
1532,4903,6890,1.4052620844380992
1533,6179,9561,1.5473377569185953
1534,6051,7749,1.2806147744174516
1535,4504,6893,1.530417406749556
1536,7632,6364,0.8338574423480084
1537,2632,4697,1.7845744680851063
1538,4839,5742,1.1866088034717917
1539,4811,6934,1.4412803990854293
1540,7548,10026,1.3282988871224166
1541,4872,8386,1.721264367816092
1542,7746,11623,1.5005163955589982
1543,2487,7458,2.9987937273823886
1544,4821,6784,1.407176934246007
1545,6115,9310,1.5224856909239575
1546,6454,12375,1.9174155562441897
1547,1673,6123,3.6598924088463836
1548,6962,9664,1.3881068658431486
1549,5241,3998,0.7628315207021561
1550,4552,10172,2.234622144112478
1551,2226,8094,3.6361185983827493
1552,5260,6243,1.1868821292775666
1553,7306,6582,0.9009033670955379
1554,3375,9643,2.8571851851851853
1555,7277,7507,1.0316064312216573
1556,5533,8555,1.5461774805711188
1557,6943,6892,0.9926544721302031
1558,2489,11109,4.463238248292487
1559,5244,9415,1.7953852021357741
1560,4186,7871,1.880315336837076
1561,1919,6091,3.174048983845753
1562,2093,9111,4.353081700907788
1563,3274,7557,2.3081857055589494
1564,3959,10203,2.5771659509977267
1565,2435,9263,3.8041067761806984
1566,6703,8405,1.2539161569446517
1567,6732,11758,1.7465834818775996
1568,5308,6658,1.2543330821401657
1569,1831,10167,5.552703440742763
1570,4949,9971,2.0147504546373005
1571,4202,7160,1.703950499762018
1572,7684,11738,1.5275897969807393
1573,5506,6573,1.1937885942608064
1574,7389,6918,0.9362565976451482
1575,6554,7125,1.08712236801953
1576,5368,7707,1.4357302533532041
1577,5700,11975,2.1008771929824563
1578,1701,10245,6.022927689594356
1579,3997,9532,2.384788591443583
1580,3342,8922,2.6696588868940756
1581,3366,6601,1.9610814022578729
1582,3496,13576,3.883295194508009
1583,6885,5332,0.7744371822803195
1584,2409,8898,3.6936488169364883
1585,5805,6570,1.1317829457364341
1586,6158,9704,1.575836310490419
1587,4689,6194,1.3209639582000428
1588,7159,10365,1.4478279089258277
1589,2270,6720,2.960352422907489
1590,4655,6886,1.4792696025778733
1591,4001,10947,2.736065983504124
1592,4214,7907,1.8763644992880872
1593,6224,9704,1.5591259640102828
1594,5085,9261,1.8212389380530973
1595,3128,8500,2.717391304347826
1596,7297,4262,0.5840756475263807
1597,1886,11654,6.179215270413573
1598,7531,12202,1.6202363563935733
1599,4921,11805,2.3989026620605567
1600,7939,8055,1.0146114120166267
1601,7901,5929,0.7504113403366662
1602,6700,9505,1.4186567164179105
1603,5508,9426,1.7113289760348585
1604,5593,7553,1.3504380475594493
1605,5863,12487,2.1297970322360564
1606,3966,5614,1.4155320221886032
1607,3782,9101,2.4063987308302486
1608,3356,9155,2.7279499404052445
1609,3498,10328,2.952544311034877
1610,6976,7806,1.118979357798165
1611,2736,5403,1.974780701754386
1612,6169,11239,1.8218511914410764
1613,5644,9762,1.729624379872431
1614,2650,10590,3.9962264150943394
1615,5818,7755,1.332932279133723
1616,2931,8278,2.8242920504947118
1617,7124,5627,0.7898652442448063
1618,3319,12633,3.806266947875866
1619,3824,11755,3.0740062761506275
1620,7057,7770,1.101034433895423
1621,2630,9479,3.6041825095057036
1622,7277,9870,1.3563281572076404
1623,4158,9280,2.231842231842232
1624,5000,7922,1.5844
1625,1874,6036,3.2209178228388473
1626,3620,8264,2.2828729281767957
1627,5520,9119,1.6519927536231884
1628,3521,7882,2.238568588469185
1629,5205,10191,1.9579250720461094
1630,6649,8055,1.2114603699804483
1631,4759,8681,1.8241227148560621
1632,4935,8832,1.7896656534954407
1633,3389,9010,2.6586013573325467
1634,3323,10150,3.0544688534456816
1635,2974,9436,3.1728312037659716
1636,3742,7280,1.9454836985569215
1637,6775,7404,1.092841328413284
1638,4743,8166,1.7216951296647691
1639,6660,12641,1.898048048048048
1640,4634,6678,1.4410876132930515
1641,3570,10998,3.080672268907563
1642,1859,11458,6.163528778913395
1643,3541,4782,1.3504659700649535
1644,2641,10413,3.9428246876183266
1645,3135,5907,1.8842105263157896
1646,6999,9963,1.4234890698671239
1647,5500,10403,1.8914545454545455
1648,3443,9095,2.6415916352018587
1649,6274,5533,0.881893528849219
1650,4861,8440,1.736268257560173
1651,4480,13176,2.9410714285714286
1652,1506,4883,3.242363877822045
1653,4767,7053,1.4795468848332285
1654,3091,11120,3.5975412487868006
1655,6428,12983,2.0197573117610452
1656,4764,9062,1.9021830394626364
1657,4106,7273,1.7713102776424745
1658,4719,5246,1.1116762025852935
1659,7406,8238,1.1123413448555226
1660,4773,8343,1.7479572595851665
1661,2413,9296,3.8524658101947784
1662,3511,5526,1.5739105667900883
1663,2942,11592,3.940176750509857
1664,7046,9437,1.3393414703377804
1665,4554,8891,1.9523495827843653
1666,7098,5890,0.829811214426599
1667,5046,11089,2.197582243361078
1668,5721,5233,0.9147002272330013
1669,6412,6175,0.9630380536494073
1670,4428,9448,2.133694670280036
1671,3329,7512,2.256533493541604
1672,2075,10522,5.070843373493976
1673,7968,3822,0.4796686746987952
1674,7011,6653,0.9489373841106832
1675,2429,10768,4.433100041169205
1676,5259,9171,1.7438676554478039
1677,5199,9594,1.8453548759376803
1678,2963,9643,3.2544718191022612
1679,4775,10614,2.22282722513089
1680,6428,7029,1.093497199751089
1681,2554,8567,3.354346123727486
1682,7244,7132,0.9845389287686361
1683,3400,11691,3.438529411764706
1684,2957,6871,2.323638823131552
1685,2899,12588,4.342186961021042
1686,4915,10638,2.1643947100712104
1687,1942,12564,6.46961894953656
1688,5150,9022,1.7518446601941748
1689,7718,8575,1.111039129308111
1690,6152,10167,1.652633289986996
1691,2678,8579,3.2035100821508586
1692,7633,7114,0.9320057644438622
1693,5958,6191,1.0391070829137294
1694,2757,8252,2.9931084512150887
1695,5134,11254,2.19205298013245
1696,3341,6622,1.9820413049985035
1697,3809,5683,1.4919926489892361
1698,7446,7827,1.0511684125705076
1699,7768,10068,1.296086508753862
1700,2410,11049,4.584647302904564
